-- phpMyAdmin SQL Dump
-- version 4.7.3
-- https://www.phpmyadmin.net/
--
-- Host: localhost
-- Generation Time: 2018-03-31 16:45:04
-- 服务器版本： 5.6.36-log
-- PHP Version: 5.6.31

SET SQL_MODE = "NO_AUTO_VALUE_ON_ZERO";
SET AUTOCOMMIT = 0;
START TRANSACTION;
SET time_zone = "+00:00";


/*!40101 SET @OLD_CHARACTER_SET_CLIENT=@@CHARACTER_SET_CLIENT */;
/*!40101 SET @OLD_CHARACTER_SET_RESULTS=@@CHARACTER_SET_RESULTS */;
/*!40101 SET @OLD_COLLATION_CONNECTION=@@COLLATION_CONNECTION */;
/*!40101 SET NAMES utf8mb4 */;

--
-- Database: `mangrenhui`
--

-- --------------------------------------------------------

--
-- 表的结构 `beautician`
--

CREATE TABLE `beautician` (
  `beautician_id` int(10) UNSIGNED NOT NULL,
  `name` varchar(50) CHARACTER SET gbk NOT NULL,
  `phone` char(13) DEFAULT NULL,
  `shop_id` int(10) NOT NULL,
  `sex` enum('女','男') CHARACTER SET gbk NOT NULL DEFAULT '女',
  `avatar` varchar(1000) CHARACTER SET gbk NOT NULL,
  `disabled` tinyint(1) UNSIGNED NOT NULL DEFAULT '0',
  `work_time` tinyint(1) UNSIGNED NOT NULL DEFAULT '1' COMMENT '工作时间, 1为全天， 2为早班， 3为晚班',
  `join_date` date DEFAULT NULL COMMENT '工作时间',
  `order_sort` bigint(11) UNSIGNED NOT NULL DEFAULT '0',
  `created_time` datetime NOT NULL
) ENGINE=InnoDB DEFAULT CHARSET=utf8 COMMENT='美容师表';

--
-- 转存表中的数据 `beautician`
--

INSERT INTO `beautician` (`beautician_id`, `name`, `phone`, `shop_id`, `sex`, `avatar`, `disabled`, `work_time`, `join_date`, `order_sort`, `created_time`) VALUES
(3, '梦梦', NULL, 1, '女', '{\"file_name\":\"e09a753b71c8a2b8aec0c33e515ef50c.jpg\",\"file_type\":\"image\\/jpeg\",\"file_path\":\"\\/data\\/home\\/qyu2039650001\\/htdocs\\/upload\\/2016-01-13\\/\",\"full_path\":\"\\/data\\/home\\/qyu2039650001\\/htdocs\\/upload\\/2016-01-13\\/e09a753b71c8a2b8aec0c33e515ef50c.jpg\",\"raw_name\":\"2016-01-13\\/e09a753b71c8a2b8aec0c33e515ef50c\",\"orig_name\":\"zhuoku106.jpg\",\"client_name\":\"zhuoku106.jpg\",\"file_ext\":\".jpg\",\"file_size\":507.62,\"is_image\":true,\"image_width\":1920,\"image_height\":1200,\"image_type\":\"jpeg\",\"image_size_str\":\"width=\\\"1920\\\" height=\\\"1200\\\"\"}', 1, 1, '2015-01-15', 0, '2016-01-13 23:35:53'),
(4, '英英', NULL, 1, '女', '{\"file_name\":\"ded6cdc3ac4d43345303923cda83a752.jpg\",\"file_type\":\"image\\/jpeg\",\"file_path\":\"\\/data\\/home\\/qyu2039650001\\/htdocs\\/upload\\/2016-01-15\\/\",\"full_path\":\"\\/data\\/home\\/qyu2039650001\\/htdocs\\/upload\\/2016-01-15\\/ded6cdc3ac4d43345303923cda83a752.jpg\",\"raw_name\":\"2016-01-15\\/ded6cdc3ac4d43345303923cda83a752\",\"orig_name\":\"savoir_etre_gourmande.jpg\",\"client_name\":\"savoir_etre_gourmande.jpg\",\"file_ext\":\".jpg\",\"file_size\":95.71,\"is_image\":true,\"image_width\":600,\"image_height\":435,\"image_type\":\"jpeg\",\"image_size_str\":\"width=\\\"600\\\" height=\\\"435\\\"\"}', 1, 1, '2015-01-16', 0, '2016-01-13 23:36:41'),
(5, '英英', NULL, 1, '女', '{\"file_name\":\"ebcd381810d1aad8afcdaa67dc4f5817.jpg\",\"file_type\":\"image\\/jpeg\",\"file_path\":\"\\/data\\/home\\/qyu2039650001\\/htdocs\\/upload\\/2016-01-17\\/\",\"full_path\":\"\\/data\\/home\\/qyu2039650001\\/htdocs\\/upload\\/2016-01-17\\/ebcd381810d1aad8afcdaa67dc4f5817.jpg\",\"raw_name\":\"2016-01-17\\/ebcd381810d1aad8afcdaa67dc4f5817\",\"orig_name\":\"_F8A0265.jpg\",\"client_name\":\"_F8A0265.jpg\",\"file_ext\":\".jpg\",\"file_size\":471.3,\"is_image\":true,\"image_width\":1744,\"image_height\":1896,\"image_type\":\"jpeg\",\"image_size_str\":\"width=\\\"1744\\\" height=\\\"1896\\\"\"}', 1, 2, '2016-01-01', 666, '2016-01-17 08:10:15'),
(6, '梦梦', NULL, 1, '女', '{\"file_name\":\"50101eb5076f52612938ee5792035919.jpg\",\"file_type\":\"image\\/jpeg\",\"file_path\":\"\\/data\\/home\\/qyu2039650001\\/htdocs\\/upload\\/2016-02-02\\/\",\"full_path\":\"\\/data\\/home\\/qyu2039650001\\/htdocs\\/upload\\/2016-02-02\\/50101eb5076f52612938ee5792035919.jpg\",\"raw_name\":\"2016-02-02\\/50101eb5076f52612938ee5792035919\",\"orig_name\":\"_F8A0241.jpg\",\"client_name\":\"_F8A0241.jpg\",\"file_ext\":\".jpg\",\"file_size\":85.04,\"is_image\":true,\"image_width\":456,\"image_height\":468,\"image_type\":\"jpeg\",\"image_size_str\":\"width=\\\"456\\\" height=\\\"468\\\"\"}', 1, 3, '2016-05-15', 1, '2016-01-17 08:11:10'),
(7, '小敏', NULL, 1, '女', '{\"file_name\":\"0df5117a8a5d2aa9635e26fd212f3a54.jpg\",\"file_type\":\"image\\/jpeg\",\"file_path\":\"\\/data\\/home\\/qyu2039650001\\/htdocs\\/upload\\/2017-03-10\\/\",\"full_path\":\"\\/data\\/home\\/qyu2039650001\\/htdocs\\/upload\\/2017-03-10\\/0df5117a8a5d2aa9635e26fd212f3a54.jpg\",\"raw_name\":\"2017-03-10\\/0df5117a8a5d2aa9635e26fd212f3a54\",\"orig_name\":\"162764544.jpg\",\"client_name\":\"162764544.jpg\",\"file_ext\":\".jpg\",\"file_size\":456.23,\"is_image\":true,\"image_width\":695,\"image_height\":695,\"image_type\":\"jpeg\",\"image_size_str\":\"width=\\\"695\\\" height=\\\"695\\\"\"}', 1, 1, '2016-02-19', 2, '2016-02-24 11:12:06'),
(8, 'Candy', NULL, 1, '女', '{\"file_name\":\"9bfb03fa1a30ef0b3b7bcf990b96fb06.jpg\",\"file_type\":\"image\\/jpeg\",\"file_path\":\"\\/data\\/home\\/qyu2039650001\\/htdocs\\/upload\\/2016-09-01\\/\",\"full_path\":\"\\/data\\/home\\/qyu2039650001\\/htdocs\\/upload\\/2016-09-01\\/9bfb03fa1a30ef0b3b7bcf990b96fb06.jpg\",\"raw_name\":\"2016-09-01\\/9bfb03fa1a30ef0b3b7bcf990b96fb06\",\"orig_name\":\"92271515.jpg\",\"client_name\":\"92271515.jpg\",\"file_ext\":\".jpg\",\"file_size\":1191.8,\"is_image\":true,\"image_width\":877,\"image_height\":1120,\"image_type\":\"jpeg\",\"image_size_str\":\"width=\\\"877\\\" height=\\\"1120\\\"\"}', 1, 1, '2016-08-19', 9999, '2016-09-01 12:12:54'),
(9, '小爽', NULL, 1, '女', '{\"file_name\":\"2ce4707c987697c0841d07fe756e706d.jpg\",\"file_type\":\"image\\/jpeg\",\"file_path\":\"\\/data\\/home\\/qyu2039650001\\/htdocs\\/upload\\/2016-09-01\\/\",\"full_path\":\"\\/data\\/home\\/qyu2039650001\\/htdocs\\/upload\\/2016-09-01\\/2ce4707c987697c0841d07fe756e706d.jpg\",\"raw_name\":\"2016-09-01\\/2ce4707c987697c0841d07fe756e706d\",\"orig_name\":\"368182349.jpg\",\"client_name\":\"368182349.jpg\",\"file_ext\":\".jpg\",\"file_size\":120.13,\"is_image\":true,\"image_width\":582,\"image_height\":564,\"image_type\":\"jpeg\",\"image_size_str\":\"width=\\\"582\\\" height=\\\"564\\\"\"}', 1, 2, '2016-08-19', 3, '2016-09-01 12:26:17'),
(10, '燕燕', NULL, 1, '女', '{\"file_name\":\"31f1cbba9d071cc3d5471cc8694bf16b.jpg\",\"file_type\":\"image\\/jpeg\",\"file_path\":\"\\/data\\/home\\/qyu2039650001\\/htdocs\\/upload\\/2017-03-01\\/\",\"full_path\":\"\\/data\\/home\\/qyu2039650001\\/htdocs\\/upload\\/2017-03-01\\/31f1cbba9d071cc3d5471cc8694bf16b.jpg\",\"raw_name\":\"2017-03-01\\/31f1cbba9d071cc3d5471cc8694bf16b\",\"orig_name\":\"899127085.jpg\",\"client_name\":\"899127085.jpg\",\"file_ext\":\".jpg\",\"file_size\":281.39,\"is_image\":true,\"image_width\":900,\"image_height\":905,\"image_type\":\"jpeg\",\"image_size_str\":\"width=\\\"900\\\" height=\\\"905\\\"\"}', 1, 1, '2017-02-07', 6666, '2017-03-01 11:29:55'),
(11, '燕燕', NULL, 1, '女', '{\"file_name\":\"727ae5b247b00ac01b03b22381de84a3.jpg\",\"file_type\":\"image\\/jpeg\",\"file_path\":\"\\/data\\/home\\/qyu2039650001\\/htdocs\\/upload\\/2017-03-01\\/\",\"full_path\":\"\\/data\\/home\\/qyu2039650001\\/htdocs\\/upload\\/2017-03-01\\/727ae5b247b00ac01b03b22381de84a3.jpg\",\"raw_name\":\"2017-03-01\\/727ae5b247b00ac01b03b22381de84a3\",\"orig_name\":\"844696056.jpg\",\"client_name\":\"844696056.jpg\",\"file_ext\":\".jpg\",\"file_size\":1752.21,\"is_image\":true,\"image_width\":900,\"image_height\":1600,\"image_type\":\"jpeg\",\"image_size_str\":\"width=\\\"900\\\" height=\\\"1600\\\"\"}', 1, 1, '2017-02-07', 1, '2017-03-01 11:29:58'),
(12, '1号 王师傅', '18516071503', 1, '男', '{\"file_name\":\"3896beda4aa8a23f94f61602873c5d2b.JPG\",\"file_type\":\"image\\/jpeg\",\"file_path\":\"\\/home\\/wwwroot\\/www.mlxiaowu.com\\/public\\/upload\\/2018-03-21\\/\",\"full_path\":\"\\/home\\/wwwroot\\/www.mlxiaowu.com\\/public\\/upload\\/2018-03-21\\/3896beda4aa8a23f94f61602873c5d2b.JPG\",\"raw_name\":\"2018-03-21\\/3896beda4aa8a23f94f61602873c5d2b\",\"orig_name\":\"\\u738b\\u658c.JPG\",\"client_name\":\"\\u738b\\u658c.JPG\",\"file_ext\":\".JPG\",\"file_size\":2474.06,\"is_image\":true,\"image_width\":2155,\"image_height\":2160,\"image_type\":\"jpeg\",\"image_size_str\":\"width=\\\"2155\\\" height=\\\"2160\\\"\"}', 0, 2, '2018-03-14', 2, '2017-03-01 11:35:31'),
(13, '巧师傅02', '13524286564', 1, '男', '{\"file_name\":\"24a040a707f234cd4ce6b764e94db255.png\",\"file_type\":\"image\\/png\",\"file_path\":\"\\/Users\\/guohao\\/htdocs\\/mangrenhui\\/public\\/upload\\/2018-03-16\\/\",\"full_path\":\"\\/Users\\/guohao\\/htdocs\\/mangrenhui\\/public\\/upload\\/2018-03-16\\/24a040a707f234cd4ce6b764e94db255.png\",\"raw_name\":\"2018-03-16\\/24a040a707f234cd4ce6b764e94db255\",\"orig_name\":\"git\\u5feb\\u6377\\u952e.png\",\"client_name\":\"git\\u5feb\\u6377\\u952e.png\",\"file_ext\":\".png\",\"file_size\":511.58,\"is_image\":true,\"image_width\":950,\"image_height\":1343,\"image_type\":\"png\",\"image_size_str\":\"width=\\\"950\\\" height=\\\"1343\\\"\"}', 1, 1, '2018-03-17', 1, '2018-03-16 20:44:34');

-- --------------------------------------------------------

--
-- 表的结构 `beautician_rest`
--

CREATE TABLE `beautician_rest` (
  `beautician_rest_id` bigint(11) UNSIGNED NOT NULL,
  `beautician_id` int(10) UNSIGNED NOT NULL,
  `rest_day` date NOT NULL,
  `start_time` time NOT NULL,
  `end_time` time NOT NULL,
  `disabled` tinyint(1) UNSIGNED NOT NULL DEFAULT '0',
  `ps` varchar(50) DEFAULT NULL,
  `create_time` datetime NOT NULL
) ENGINE=InnoDB DEFAULT CHARSET=utf8 COMMENT='美容师休息表';

--
-- 转存表中的数据 `beautician_rest`
--

INSERT INTO `beautician_rest` (`beautician_rest_id`, `beautician_id`, `rest_day`, `start_time`, `end_time`, `disabled`, `ps`, `create_time`) VALUES
(4, 6, '2016-01-25', '10:00:00', '21:00:00', 0, '休息', '2016-01-21 14:00:54'),
(5, 5, '2016-01-28', '10:00:00', '21:00:00', 0, '休息', '2016-01-21 14:01:14'),
(6, 5, '2016-02-06', '10:00:00', '21:00:00', 0, '春节', '2016-01-21 14:02:59'),
(7, 5, '2016-02-07', '10:00:00', '21:00:00', 0, '春节', '2016-01-21 14:03:58'),
(8, 5, '2016-02-08', '10:00:00', '21:00:00', 0, '春节', '2016-01-21 14:04:17'),
(9, 5, '2016-02-09', '10:00:00', '21:00:00', 0, '春节', '2016-01-21 14:04:37'),
(10, 5, '2016-02-10', '10:00:00', '21:00:00', 0, '春节', '2016-01-21 14:04:52'),
(11, 5, '2016-02-11', '10:00:00', '21:00:00', 0, '春节', '2016-01-21 14:05:08'),
(12, 5, '2016-02-12', '10:00:00', '21:00:00', 0, '春节', '2016-01-21 14:05:29'),
(14, 6, '2016-02-06', '10:00:00', '21:00:00', 0, '春节', '2016-01-21 14:07:38'),
(15, 6, '2016-02-07', '10:00:00', '21:00:00', 0, '春节', '2016-01-21 14:07:56'),
(16, 6, '2016-02-08', '10:00:00', '21:00:00', 0, '春节', '2016-01-21 14:08:10'),
(17, 6, '2016-02-09', '10:00:00', '21:00:00', 0, '春节', '2016-01-21 14:08:21'),
(18, 6, '2016-02-10', '10:00:00', '21:00:00', 0, '春节', '2016-01-21 14:08:36'),
(19, 6, '2016-02-11', '10:00:00', '21:00:00', 0, '春节', '2016-01-21 14:09:06'),
(20, 6, '2016-02-12', '10:00:00', '21:00:00', 0, '春节', '2016-01-21 14:09:21'),
(21, 6, '2016-02-13', '10:00:00', '21:00:00', 0, '春节', '2016-01-21 14:10:06'),
(22, 5, '2016-02-13', '10:00:00', '21:00:00', 1, '春节放假', '2016-01-24 11:18:35'),
(23, 5, '2016-02-13', '10:00:00', '21:00:00', 0, '春节', '2016-01-24 11:19:37'),
(24, 6, '2016-02-22', '10:00:00', '20:00:00', 1, '休息', '2016-02-15 11:00:38'),
(25, 6, '2016-02-22', '10:00:00', '21:00:00', 0, '休息', '2016-02-15 11:01:15'),
(26, 6, '2016-02-29', '10:00:00', '21:00:00', 0, '休息', '2016-02-15 11:01:45'),
(27, 5, '2016-02-23', '10:00:00', '21:00:00', 0, '休息', '2016-02-15 11:02:16'),
(28, 5, '2016-03-01', '10:00:00', '21:00:00', 0, '休息', '2016-02-15 11:02:37'),
(29, 6, '2016-02-18', '06:00:00', '14:29:00', 1, '电话预约', '2016-02-18 14:30:38'),
(30, 6, '2016-02-18', '18:00:00', '19:00:00', 1, '电话预约', '2016-02-18 14:31:51'),
(31, 6, '2016-02-19', '10:30:00', '11:30:00', 0, '电话预约', '2016-02-18 14:40:38'),
(32, 5, '2016-02-18', '18:00:00', '18:30:00', 0, '电话预约', '2016-02-18 14:43:52'),
(33, 5, '2016-02-19', '10:00:00', '11:30:00', 0, '电话预约', '2016-02-18 14:50:50'),
(34, 5, '2016-02-21', '17:00:00', '18:00:00', 1, '临时预约', '2016-02-21 16:48:41'),
(35, 5, '2016-02-29', '09:30:00', '11:00:00', 0, '何娴 线下预约臀疗加坐熏', '2016-02-25 11:42:16'),
(36, 6, '2016-03-03', '10:00:00', '12:00:00', 0, '何娴线下预约臀疗加坐熏', '2016-02-25 11:44:03'),
(37, 7, '2016-02-26', '19:00:00', '21:30:00', 0, '接待梦梦的客人', '2016-02-25 12:11:28'),
(38, 5, '2016-02-26', '16:30:00', '17:00:00', 0, '休息', '2016-02-25 20:39:07'),
(39, 6, '2016-02-26', '17:30:00', '18:00:00', 0, '休息', '2016-02-25 20:43:33'),
(40, 7, '2016-02-26', '17:00:00', '17:30:00', 1, '休息', '2016-02-25 20:48:26'),
(41, 5, '2016-02-26', '15:30:00', '16:00:00', 0, '吃饭', '2016-02-26 10:44:27'),
(42, 6, '2016-02-26', '16:30:00', '17:00:00', 0, '吃饭', '2016-02-26 10:45:42'),
(43, 5, '2016-02-26', '17:30:00', '18:00:00', 0, '吃饭', '2016-02-26 10:47:51'),
(44, 5, '2016-02-28', '12:00:00', '12:30:00', 0, '吃饭', '2016-02-26 10:53:39'),
(45, 6, '2016-02-28', '12:00:00', '12:30:00', 0, '吃饭', '2016-02-26 10:54:30'),
(46, 7, '2016-02-28', '11:30:00', '12:00:00', 0, '吃饭', '2016-02-26 10:55:41'),
(47, 6, '2016-02-28', '17:00:00', '17:30:00', 0, '吃饭', '2016-02-26 10:56:42'),
(48, 7, '2016-02-28', '17:00:00', '17:30:00', 0, '吃饭', '2016-02-26 10:57:19'),
(49, 5, '2016-02-29', '12:00:00', '12:30:00', 0, '吃饭', '2016-02-26 10:58:47'),
(50, 7, '2016-02-27', '12:00:00', '15:30:00', 0, '代替工作', '2016-02-26 11:03:01'),
(51, 7, '2016-02-27', '17:00:00', '20:30:00', 0, '代替工作', '2016-02-26 11:03:38'),
(52, 7, '2016-02-26', '13:00:00', '16:00:00', 0, '代替工作', '2016-02-26 11:07:42'),
(53, 6, '2016-02-26', '13:30:00', '14:00:00', 0, '吃饭', '2016-02-26 11:08:56'),
(54, 7, '2016-02-29', '18:30:00', '19:30:00', 0, '代替工作', '2016-02-26 11:28:01'),
(55, 7, '2016-02-26', '17:00:00', '18:30:00', 0, '代替工作', '2016-02-26 14:56:13'),
(56, 6, '2016-02-28', '16:00:00', '16:30:00', 1, '线下29.9', '2016-02-26 15:44:54'),
(57, 7, '2016-02-28', '16:00:00', '16:30:00', 1, '线下29.9', '2016-02-26 15:45:29'),
(58, 6, '2016-02-27', '15:30:00', '16:30:00', 0, '线下预约', '2016-02-27 14:44:34'),
(59, 5, '2016-03-05', '13:00:00', '13:30:00', 0, '吃饭', '2016-02-27 15:57:48'),
(60, 6, '2016-03-05', '17:30:00', '18:00:00', 0, '吃饭', '2016-02-27 15:58:27'),
(61, 7, '2016-03-05', '17:00:00', '17:30:00', 0, '吃饭', '2016-02-27 15:59:15'),
(62, 5, '2016-03-06', '17:00:00', '17:30:00', 0, '吃饭', '2016-02-27 16:00:27'),
(63, 6, '2016-03-06', '17:00:00', '17:30:00', 1, '吃饭', '2016-02-27 16:00:58'),
(64, 7, '2016-03-06', '17:00:00', '17:30:00', 0, '吃饭', '2016-02-27 16:01:23'),
(65, 6, '2016-02-28', '15:30:00', '16:30:00', 0, '线下29.9', '2016-02-27 17:31:02'),
(66, 7, '2016-02-28', '15:30:00', '16:30:00', 0, '线下29.9', '2016-02-27 17:32:20'),
(67, 6, '2016-03-09', '16:00:00', '18:30:00', 1, '线下沈黄莉', '2016-02-28 16:13:37'),
(68, 6, '2016-03-13', '14:00:00', '15:30:00', 1, '线下沈黄莉', '2016-02-28 16:14:35'),
(69, 6, '2016-03-16', '16:00:00', '18:30:00', 1, '线下沈黄莉', '2016-02-28 16:15:10'),
(70, 6, '2016-03-20', '14:00:00', '15:30:00', 0, '线下沈黄莉', '2016-02-28 16:15:48'),
(71, 7, '2016-03-02', '14:00:00', '15:30:00', 1, '线下丁小姐', '2016-02-28 21:59:42'),
(72, 7, '2016-03-02', '15:00:00', '16:30:00', 0, '线下丁小姐面部', '2016-02-28 22:01:54'),
(73, 6, '2016-03-01', '15:30:00', '17:00:00', 0, '线下面部', '2016-03-01 11:22:11'),
(74, 7, '2016-03-01', '15:30:00', '17:00:00', 0, '线下面部', '2016-03-01 11:23:21'),
(75, 6, '2016-03-02', '12:00:00', '13:00:00', 0, '线下', '2016-03-01 12:14:05'),
(76, 6, '2016-03-02', '18:30:00', '21:00:00', 0, '休息', '2016-03-01 12:14:28'),
(77, 7, '2016-03-02', '13:00:00', '14:00:00', 0, '代替工作', '2016-03-02 10:23:47'),
(78, 7, '2016-03-02', '16:30:00', '17:30:00', 0, '代替工作', '2016-03-02 10:24:25'),
(79, 6, '2016-03-02', '13:00:00', '15:00:00', 0, '培训', '2016-03-02 11:16:07'),
(80, 5, '2016-03-04', '13:00:00', '15:00:00', 0, '培训', '2016-03-02 11:38:03'),
(81, 6, '2016-03-04', '13:00:00', '15:00:00', 0, '培训', '2016-03-02 11:38:25'),
(82, 7, '2016-03-04', '13:00:00', '15:00:00', 0, '培训', '2016-03-02 11:38:47'),
(83, 6, '2016-03-09', '12:00:00', '13:00:00', 1, '线下', '2016-03-02 12:08:39'),
(84, 6, '2016-03-09', '19:00:00', '21:00:00', 0, '早班', '2016-03-02 12:09:05'),
(85, 7, '2016-03-09', '13:30:00', '14:30:00', 0, '代替梦梦工作', '2016-03-02 12:11:41'),
(86, 5, '2016-03-11', '10:00:00', '11:30:00', 0, '线下客人臀疗', '2016-03-02 12:16:46'),
(87, 6, '2016-03-06', '12:00:00', '14:00:00', 0, '线下肖晶晶', '2016-03-02 13:15:37'),
(88, 7, '2016-03-05', '12:00:00', '13:00:00', 0, '代替工作', '2016-03-02 17:53:46'),
(89, 7, '2016-03-05', '17:00:00', '19:00:00', 1, '代替工作', '2016-03-02 17:59:40'),
(90, 6, '2016-03-05', '18:30:00', '20:30:00', 0, '乳腺', '2016-03-02 19:32:50'),
(91, 7, '2016-03-08', '19:30:00', '21:00:00', 1, '早班', '2016-03-03 11:22:29'),
(92, 6, '2016-03-08', '11:30:00', '12:30:00', 0, '线下何娴', '2016-03-03 11:25:26'),
(93, 6, '2016-03-10', '10:00:00', '12:30:00', 1, '何娴线下', '2016-03-03 12:40:46'),
(94, 6, '2016-03-15', '10:00:00', '12:30:00', 0, '何娴预约', '2016-03-03 12:41:26'),
(95, 6, '2016-03-11', '12:00:00', '12:30:00', 1, '线下何娴', '2016-03-03 12:46:51'),
(96, 6, '2016-03-11', '19:00:00', '21:00:00', 0, '早班', '2016-03-03 12:47:17'),
(97, 6, '2016-03-03', '15:30:00', '17:00:00', 0, '面部线下预约', '2016-03-03 14:21:09'),
(98, 5, '2016-03-03', '16:00:00', '17:00:00', 0, '线下预约', '2016-03-03 14:34:01'),
(99, 6, '2016-03-18', '10:00:00', '12:30:00', 1, '何娴线下', '2016-03-03 14:35:12'),
(100, 6, '2016-04-18', '19:00:00', '21:00:00', 0, '早班', '2016-03-03 14:35:50'),
(101, 6, '2016-03-08', '16:30:00', '17:30:00', 1, '3.3日紫月改3,.8过来', '2016-03-03 18:10:25'),
(102, 6, '2016-03-10', '13:30:00', '15:00:00', 1, '线下陈小姐', '2016-03-04 11:18:37'),
(103, 5, '2016-03-04', '19:00:00', '21:00:00', 0, '早班', '2016-03-04 16:07:56'),
(104, 7, '2016-03-08', '17:30:00', '18:30:00', 0, '金建晓3月5日改到3月8日', '2016-03-04 19:55:26'),
(105, 7, '2016-03-06', '13:30:00', '14:30:00', 0, '代替英英客人', '2016-03-05 13:27:49'),
(106, 6, '2016-03-06', '17:00:00', '17:00:00', 0, '吃饭', '2016-03-06 13:17:01'),
(107, 7, '2016-03-07', '19:00:00', '19:30:00', 0, '朱女士换时间', '2016-03-06 20:33:20'),
(108, 7, '2016-03-14', '18:30:00', '19:30:00', 1, '3.7客人改3.11', '2016-03-07 12:16:02'),
(109, 7, '2016-03-07', '14:00:00', '15:00:00', 0, '杨忻', '2016-03-07 14:05:28'),
(110, 5, '2016-03-10', '10:00:00', '11:00:00', 1, '晚班', '2016-03-07 17:57:50'),
(111, 7, '2016-03-08', '12:30:00', '13:30:00', 0, '紫月', '2016-03-08 11:03:10'),
(112, 6, '2016-03-08', '16:00:00', '17:30:00', 0, '代替小敏工作', '2016-03-08 11:37:17'),
(113, 7, '2016-03-08', '16:00:00', '17:00:00', 0, '手受伤', '2016-03-08 12:47:15'),
(114, 7, '2016-03-08', '18:30:00', '21:00:00', 0, '手受伤了', '2016-03-08 15:04:24'),
(115, 6, '2016-03-16', '19:00:00', '21:00:00', 0, '早班', '2016-03-09 12:19:58'),
(116, 5, '2016-03-10', '13:30:00', '14:30:00', 0, '肩颈王亚平原安排3月9日', '2016-03-09 12:37:27'),
(117, 7, '2016-03-09', '16:00:00', '17:30:00', 0, '线下陈女士', '2016-03-09 15:56:14'),
(118, 7, '2016-03-18', '12:00:00', '13:00:00', 0, '线下陈小姐', '2016-03-09 17:06:08'),
(119, 5, '2016-03-11', '20:00:00', '21:00:00', 0, '早班', '2016-03-09 18:57:49'),
(120, 7, '2016-03-11', '19:30:00', '20:30:00', 0, '代替工作', '2016-03-09 18:58:44'),
(121, 6, '2016-03-17', '15:30:00', '18:00:00', 0, '线下沈小姐', '2016-03-09 19:05:49'),
(122, 6, '2016-03-24', '12:30:00', '13:30:00', 1, '3月9日改24日', '2016-03-09 19:24:33'),
(123, 5, '2016-03-11', '14:30:00', '15:30:00', 0, '线下钱小姐', '2016-03-10 12:11:20'),
(124, 6, '2016-03-11', '14:30:00', '15:30:00', 0, '线下张小姐', '2016-03-10 12:12:16'),
(125, 7, '2016-03-12', '20:00:00', '21:00:00', 0, '刘小叶3月10号改12号', '2016-03-10 20:21:49'),
(126, 6, '2016-03-11', '16:00:00', '17:30:00', 0, '面部护理，王璐', '2016-03-11 10:29:36'),
(127, 6, '2016-03-17', '18:30:00', '19:00:00', 0, '张雯雯线下', '2016-03-11 10:33:19'),
(128, 6, '2016-03-17', '19:30:00', '20:30:00', 0, '张雯雯', '2016-03-11 10:34:15'),
(129, 6, '2016-03-12', '13:00:00', '14:00:00', 1, '线下跳跳', '2016-03-11 13:16:18'),
(130, 7, '2016-03-12', '13:00:00', '14:00:00', 1, '线下跳跳', '2016-03-11 13:16:44'),
(131, 7, '2016-03-12', '12:30:00', '14:00:00', 0, '线下跳跳', '2016-03-11 13:41:56'),
(132, 6, '2016-03-12', '12:30:00', '14:00:00', 0, '线下跳跳', '2016-03-11 13:42:19'),
(133, 5, '2016-03-12', '18:00:00', '19:00:00', 0, '吃饭', '2016-03-11 18:45:55'),
(134, 5, '2016-03-12', '11:30:00', '12:00:00', 0, '吃饭', '2016-03-11 18:46:53'),
(135, 7, '2016-03-14', '18:30:00', '19:00:00', 0, '3.7换3.14', '2016-03-12 17:23:01'),
(136, 6, '2016-03-12', '18:00:00', '18:30:00', 0, '赠送艾灸一次曾女士', '2016-03-12 17:33:06'),
(137, 6, '2016-03-13', '16:30:00', '17:30:00', 0, '朱小姐16:30', '2016-03-13 15:13:55'),
(138, 6, '2016-03-13', '19:00:00', '20:00:00', 1, '吃饭', '2016-03-13 19:00:42'),
(139, 5, '2016-03-14', '14:30:00', '15:30:00', 0, '线下杨忻', '2016-03-14 14:13:00'),
(140, 6, '2016-03-16', '19:00:00', '21:00:00', 0, '早班', '2016-03-14 15:49:48'),
(141, 6, '2016-03-15', '12:00:00', '15:00:00', 0, '请假出去', '2016-03-14 16:58:09'),
(142, 7, '2016-03-15', '15:00:00', '16:00:00', 0, '代替梦梦工作', '2016-03-15 11:56:43'),
(143, 7, '2016-03-18', '20:00:00', '21:00:00', 1, '早来一小时', '2016-03-17 18:54:16'),
(144, 5, '2016-03-18', '20:00:00', '21:00:00', 0, '早来一小时', '2016-03-18 11:10:14'),
(145, 7, '2016-04-08', '10:00:00', '21:00:00', 0, '清明节休息', '2016-03-18 12:24:49'),
(146, 5, '2016-04-06', '10:00:00', '21:00:00', 0, '清明节休息', '2016-03-18 12:25:24'),
(147, 6, '2016-04-03', '10:00:00', '21:00:00', 0, '清明节休息', '2016-03-18 12:26:02'),
(148, 6, '2016-03-19', '19:30:00', '20:30:00', 0, '王春英12点改19点半', '2016-03-18 15:25:44'),
(149, 5, '2016-03-20', '19:00:00', '21:00:00', 0, '早班，早上繆星', '2016-03-18 19:49:16'),
(150, 5, '2016-03-19', '11:30:00', '12:00:00', 0, '繆星下午1点改为中午11点半', '2016-03-19 09:56:59'),
(151, 7, '2016-03-20', '17:00:00', '17:30:00', 0, '6点客人提前来', '2016-03-20 17:10:53'),
(152, 5, '2016-03-24', '10:00:00', '10:30:00', 0, '傅小姐提前', '2016-03-22 11:50:19'),
(153, 6, '2016-03-30', '19:00:00', '21:00:00', 0, '早班', '2016-03-22 18:07:53'),
(154, 7, '2016-03-23', '15:30:00', '16:30:00', 0, 'ani迟到', '2016-03-23 15:02:45'),
(155, 7, '2016-03-27', '10:00:00', '12:00:00', 1, '王春英26号改到27号10点', '2016-03-24 11:43:12'),
(156, 7, '2016-03-27', '10:00:00', '11:30:00', 1, '王春英26号改为27号', '2016-03-24 11:45:34'),
(157, 7, '2016-03-27', '10:00:00', '12:00:00', 0, '王春英线下臀疗和坐熏', '2016-03-24 12:17:15'),
(158, 5, '2016-03-27', '14:30:00', '15:30:00', 0, '线下于晓春透明质酸加眼部', '2016-03-24 12:24:57'),
(159, 6, '2016-03-27', '13:30:00', '14:30:00', 0, '代替英英做孙淑云', '2016-03-24 12:29:31'),
(160, 6, '2016-03-25', '12:30:00', '17:00:00', 0, '请假', '2016-03-24 12:42:34'),
(161, 7, '2016-03-25', '12:00:00', '13:30:00', 1, '代替梦梦工作', '2016-03-24 12:43:42'),
(162, 7, '2016-03-25', '20:30:00', '21:00:00', 1, '早班', '2016-03-24 12:44:02'),
(163, 5, '2016-03-25', '20:30:00', '21:00:00', 0, '早班', '2016-03-24 12:56:53'),
(164, 5, '2016-03-25', '18:30:00', '19:00:00', 0, '早班', '2016-03-24 12:57:40'),
(165, 7, '2016-03-25', '16:30:00', '17:30:00', 1, '线下金建晓', '2016-03-24 13:51:34'),
(166, 5, '2016-03-27', '19:00:00', '21:00:00', 0, '早走，周一通班', '2016-03-25 12:47:12'),
(167, 5, '2016-03-28', '18:30:00', '19:00:00', 0, '线下段小姐', '2016-03-25 12:48:18'),
(168, 7, '2016-03-30', '18:00:00', '19:00:00', 0, '线下段正杰', '2016-03-25 19:30:19'),
(169, 6, '2016-03-30', '18:00:00', '19:00:00', 0, '肖晶晶线下', '2016-03-25 19:32:13'),
(170, 5, '2016-03-27', '18:00:00', '19:00:00', 1, 'xianxia', '2016-03-26 17:08:26'),
(171, 5, '2016-03-27', '18:00:00', '19:00:00', 1, '线下段莹', '2016-03-26 17:12:30'),
(172, 5, '2016-04-03', '18:00:00', '20:30:00', 0, '冯宵先生', '2016-03-26 17:56:35'),
(173, 5, '2016-03-27', '12:00:00', '13:30:00', 0, '陈玲线下', '2016-03-26 19:15:52'),
(174, 7, '2016-03-29', '13:00:00', '14:30:00', 0, '线下汪喜芬面部 护理透明质酸', '2016-03-27 19:19:26'),
(175, 7, '2016-03-29', '13:00:00', '14:30:00', 1, '王喜芬约一点', '2016-03-28 19:14:10'),
(176, 7, '2016-03-29', '15:30:00', '17:00:00', 0, '培训仪器', '2016-03-29 14:56:17'),
(177, 6, '2016-03-29', '15:30:00', '17:00:00', 0, '培训仪器', '2016-03-29 14:57:25'),
(178, 7, '2016-04-01', '16:00:00', '18:00:00', 0, '培训仪器', '2016-03-30 13:08:02'),
(179, 5, '2016-04-01', '16:00:00', '18:00:00', 0, '培训仪器', '2016-03-30 13:08:31'),
(180, 6, '2016-04-01', '16:00:00', '18:00:00', 0, '培训仪器', '2016-03-30 13:09:04'),
(181, 6, '2016-03-31', '19:00:00', '19:30:00', 0, 'mx瘦身', '2016-03-30 14:29:59'),
(182, 7, '2016-04-09', '19:00:00', '21:00:00', 0, '早班', '2016-04-01 18:52:06'),
(183, 6, '2016-04-02', '15:30:00', '16:30:00', 0, '线下段小姐', '2016-04-01 19:53:14'),
(184, 6, '2016-04-05', '18:00:00', '19:00:00', 0, '线下小蔡', '2016-04-02 14:32:24'),
(185, 6, '2016-04-14', '18:30:00', '20:00:00', 1, '张雯雯', '2016-04-07 20:27:15'),
(186, 5, '2016-04-15', '19:30:00', '20:30:00', 1, '冯宵', '2016-04-08 12:21:35'),
(187, 5, '2016-04-08', '14:00:00', '16:00:00', 0, '培训', '2016-04-08 13:43:49'),
(188, 6, '2016-04-08', '15:00:00', '16:00:00', 0, '培训', '2016-04-08 13:44:20'),
(189, 6, '2016-04-12', '10:00:00', '11:00:00', 0, '新客人减肥', '2016-04-09 20:20:52'),
(190, 5, '2016-04-11', '11:00:00', '11:30:00', 0, '周渊静晚来半小时', '2016-04-11 10:26:18'),
(191, 6, '2016-04-12', '14:00:00', '15:00:00', 0, '薛云霞肩颈', '2016-04-12 12:30:48'),
(192, 5, '2016-04-13', '19:00:00', '20:00:00', 0, '冯梅瘦身', '2016-04-12 18:58:34'),
(193, 6, '2016-04-15', '18:30:00', '19:30:00', 0, '冯梅瘦身', '2016-04-12 19:11:50'),
(194, 5, '2016-04-14', '18:00:00', '19:00:00', 0, '早上加班', '2016-04-13 16:50:00'),
(195, 6, '2016-04-14', '19:00:00', '20:00:00', 0, '杨玲', '2016-04-14 12:56:38'),
(196, 6, '2016-04-14', '20:00:00', '21:00:00', 0, '活动', '2016-04-14 16:30:45'),
(197, 7, '2016-04-18', '18:00:00', '19:30:00', 1, 'apple 面部 脉拨', '2016-04-15 13:46:23'),
(198, 7, '2016-05-06', '10:00:00', '21:00:00', 0, '五一国庆节', '2016-04-15 15:08:03'),
(199, 5, '2016-05-04', '10:00:00', '21:00:00', 0, '五一放假', '2016-04-15 15:08:52'),
(200, 6, '2016-05-01', '10:00:00', '21:00:00', 0, '五一放假', '2016-04-15 15:09:28'),
(201, 7, '2016-04-16', '17:30:00', '18:00:00', 0, '肖晶晶', '2016-04-16 13:16:09'),
(202, 6, '2016-04-16', '17:30:00', '18:00:00', 0, '郭先生', '2016-04-16 13:16:52'),
(203, 5, '2016-04-16', '18:30:00', '18:30:00', 1, '5', '2016-04-16 17:34:50'),
(204, 5, '2016-04-16', '18:30:00', '18:30:00', 0, '5:30客人晚到', '2016-04-16 17:35:50'),
(205, 5, '2016-04-18', '17:00:00', '19:00:00', 0, '病假', '2016-04-17 18:40:03'),
(206, 5, '2016-04-18', '11:30:00', '12:30:00', 0, '陈玲线下预约全身古法刷体', '2016-04-17 19:11:32'),
(207, 5, '2016-04-18', '12:30:00', '13:00:00', 0, '陈玲晚到半小时', '2016-04-18 11:05:23'),
(208, 6, '2016-04-19', '10:00:00', '11:00:00', 0, '李晶晶做轻盈', '2016-04-18 12:39:26'),
(209, 5, '2016-04-20', '13:00:00', '15:00:00', 0, '培训面部', '2016-04-19 13:46:41'),
(210, 7, '2016-04-24', '18:30:00', '19:00:00', 0, '早上9:30上班', '2016-04-19 18:21:33'),
(211, 5, '2016-04-24', '19:00:00', '21:00:00', 0, '早班', '2016-04-21 14:40:42'),
(212, 6, '2016-04-21', '16:30:00', '18:00:00', 0, '面部护理', '2016-04-21 14:43:41'),
(213, 7, '2016-04-22', '11:00:00', '17:30:00', 0, '医院去了', '2016-04-22 11:10:28'),
(214, 6, '2016-04-22', '12:00:00', '13:00:00', 0, '代替小敏工作', '2016-04-22 11:25:54'),
(215, 7, '2016-04-22', '19:00:00', '21:00:00', 0, '生病', '2016-04-22 13:16:46'),
(216, 5, '2016-04-24', '13:30:00', '14:00:00', 0, '李晶晶', '2016-04-22 17:11:55'),
(217, 7, '2016-04-24', '13:30:00', '14:00:00', 0, '李晶晶', '2016-04-22 17:12:32'),
(218, 5, '2016-04-22', '20:30:00', '21:00:00', 0, '莊文琪加面部脉拨', '2016-04-22 17:36:03'),
(219, 5, '2016-04-23', '14:00:00', '15:30:00', 0, '少儿调理', '2016-04-23 12:48:46'),
(220, 6, '2016-04-23', '20:00:00', '21:00:00', 0, '脱毛', '2016-04-23 18:51:18'),
(221, 7, '2016-04-23', '20:00:00', '21:00:00', 0, '陈玲', '2016-04-23 18:51:51'),
(222, 7, '2016-04-24', '12:00:00', '13:00:00', 0, '吃饭', '2016-04-23 18:57:41'),
(223, 5, '2016-04-24', '12:30:00', '13:30:00', 0, '吃饭', '2016-04-23 18:58:22'),
(224, 6, '2016-04-24', '17:00:00', '18:00:00', 0, '吃饭', '2016-04-23 18:59:03'),
(225, 7, '2016-04-24', '12:00:00', '12:30:00', 1, '吃饭', '2016-04-23 20:59:06'),
(226, 5, '2016-04-30', '11:00:00', '11:30:00', 0, '陈丽芳改10:30', '2016-04-24 11:03:26'),
(227, 7, '2016-04-26', '19:00:00', '21:00:00', 0, '早班', '2016-04-24 14:07:24'),
(228, 5, '2016-04-24', '16:30:00', '17:30:00', 0, '毛一仁', '2016-04-24 15:37:58'),
(229, 5, '2016-04-25', '12:00:00', '14:00:00', 0, '培训', '2016-04-25 11:45:38'),
(230, 7, '2016-04-25', '17:30:00', '18:00:00', 1, '张雯雯眼部', '2016-04-25 11:48:05'),
(231, 5, '2016-04-27', '20:00:00', '21:00:00', 1, '顾湘线下', '2016-04-26 11:09:58'),
(232, 7, '2016-04-27', '15:30:00', '16:00:00', 0, '郁小姐全身spa', '2016-04-26 13:29:39'),
(233, 5, '2016-04-27', '19:30:00', '20:30:00', 0, '莊文琪迟到', '2016-04-27 17:54:23'),
(234, 6, '2016-04-27', '18:30:00', '19:30:00', 0, '段莹早来', '2016-04-27 18:02:50'),
(235, 5, '2016-04-29', '20:30:00', '21:00:00', 0, '十点来加班', '2016-04-29 09:41:53'),
(236, 7, '2016-04-30', '18:30:00', '20:00:00', 0, '代替英英', '2016-04-29 15:47:27'),
(237, 5, '2016-04-30', '18:00:00', '19:00:00', 0, '早上提早过来', '2016-04-29 15:48:19'),
(238, 5, '2016-04-30', '11:00:00', '11:30:00', 0, '陈丽芳改10:30', '2016-04-29 15:51:20'),
(239, 7, '2016-04-30', '12:00:00', '12:30:00', 0, '李晶晶过来做轻盈瘦身', '2016-04-30 10:31:26'),
(240, 6, '2016-04-30', '18:00:00', '18:30:00', 0, '毛发处理', '2016-04-30 11:53:26'),
(241, 7, '2016-04-30', '13:30:00', '14:30:00', 0, '线下林巧', '2016-04-30 13:12:49'),
(242, 7, '2016-05-01', '18:00:00', '19:00:00', 1, '吃饭', '2016-05-01 14:09:12'),
(243, 5, '2016-05-02', '18:30:00', '19:00:00', 1, '早上还没9', '2016-05-01 18:31:46'),
(244, 5, '2016-05-02', '18:30:00', '19:00:00', 0, '早上黄敏9:30来做轻盈瘦身', '2016-05-01 18:32:35'),
(245, 7, '2016-05-02', '20:00:00', '21:00:00', 1, '吃饭', '2016-05-02 18:43:12'),
(246, 6, '2016-05-03', '12:00:00', '15:00:00', 0, '王喜芬线下', '2016-05-03 11:26:28'),
(247, 5, '2016-05-06', '19:00:00', '21:00:00', 0, '早班', '2016-05-05 17:31:30'),
(248, 6, '2016-05-07', '13:00:00', '14:00:00', 1, '朱小姐面部', '2016-05-06 16:59:08'),
(249, 7, '2016-05-07', '14:30:00', '15:00:00', 0, '金建晓晚到', '2016-05-07 12:56:27'),
(250, 5, '2016-05-07', '14:00:00', '15:00:00', 0, '金建晓晚到', '2016-05-07 12:56:54'),
(251, 7, '2016-05-14', '12:00:00', '13:30:00', 0, '林追少儿调理', '2016-05-07 13:18:04'),
(252, 7, '2016-05-07', '15:00:00', '16:00:00', 0, '代替梦梦做李彦竹', '2016-05-07 14:24:49'),
(253, 5, '2016-05-07', '17:00:00', '17:30:00', 0, '客人延后', '2016-05-07 14:30:41'),
(254, 7, '2016-05-14', '18:30:00', '21:00:00', 0, '早班', '2016-05-07 17:19:32'),
(255, 7, '2016-05-10', '18:30:00', '21:00:00', 1, '早班', '2016-05-08 11:21:50'),
(256, 7, '2016-06-01', '10:00:00', '19:00:00', 0, '有事换休', '2016-05-08 11:47:21'),
(257, 7, '2016-05-09', '20:30:00', '21:30:00', 1, '吃饭', '2016-05-09 17:53:30'),
(258, 7, '2016-05-10', '17:30:00', '18:00:00', 1, '刘小姐艾灸', '2016-05-09 19:52:50'),
(259, 7, '2016-05-10', '20:30:00', '21:00:00', 1, '吃饭', '2016-05-10 19:40:06'),
(260, 5, '2016-05-13', '19:00:00', '20:00:00', 1, '早班    10:00 黄敏做轻盈瘦身', '2016-05-12 10:21:15'),
(261, 5, '2016-05-13', '19:00:00', '21:00:00', 1, '早班    10:00黄敏轻盈瘦身', '2016-05-12 10:22:57'),
(262, 6, '2016-05-12', '19:00:00', '20:00:00', 0, '繆星刷体', '2016-05-12 15:07:17'),
(263, 7, '2016-05-21', '19:00:00', '21:00:00', 0, '早班', '2016-05-14 11:28:46'),
(264, 6, '2016-05-19', '19:30:00', '20:30:00', 0, '朱小姐', '2016-05-14 15:50:54'),
(265, 7, '2016-05-17', '15:00:00', '17:30:00', 1, '事假', '2016-05-17 12:46:00'),
(266, 7, '2016-05-17', '17:00:00', '18:30:00', 1, '事假', '2016-05-17 16:20:34'),
(267, 7, '2016-05-17', '20:00:00', '21:00:00', 1, '下班', '2016-05-17 17:02:56'),
(268, 7, '2016-05-18', '13:30:00', '14:00:00', 0, '客人晚到', '2016-05-18 12:03:30'),
(269, 5, '2016-05-20', '12:00:00', '21:30:00', 0, '病假', '2016-05-19 12:53:50'),
(270, 6, '2016-05-20', '14:30:00', '16:00:00', 0, '张小姐预约，项目未定', '2016-05-20 14:03:47'),
(271, 7, '2016-05-25', '18:00:00', '19:30:00', 0, '肖晶晶理疗', '2016-05-20 15:00:02'),
(272, 5, '2016-05-25', '18:00:00', '20:00:00', 0, '莊文琪理疗', '2016-05-20 15:00:30'),
(273, 6, '2016-05-25', '18:00:00', '20:00:00', 0, '段正杰理疗', '2016-05-20 15:01:00'),
(274, 7, '2016-05-23', '20:00:00', '21:30:00', 1, '三焦', '2016-05-21 13:46:08'),
(275, 5, '2016-05-22', '18:30:00', '20:30:00', 1, '客人预约', '2016-05-22 18:14:00'),
(276, 6, '2016-05-22', '18:30:00', '20:30:00', 1, '客人预约', '2016-05-22 18:14:23'),
(277, 7, '2016-05-24', '15:00:00', '15:30:00', 0, '周萍做轻盈瘦身', '2016-05-23 16:48:31'),
(278, 7, '2016-05-23', '17:30:00', '17:30:00', 0, '薛云霞加艾灸', '2016-05-23 17:29:55'),
(279, 5, '2016-06-08', '10:00:00', '21:00:00', 0, '端午休息', '2016-05-24 13:11:44'),
(280, 6, '2016-06-06', '10:00:00', '21:00:00', 1, '端午休息', '2016-05-24 13:12:14'),
(281, 7, '2016-06-10', '10:00:00', '21:00:00', 0, '端午休息', '2016-05-24 13:12:52'),
(282, 6, '2016-05-28', '19:30:00', '20:30:00', 0, '胡倩黑脸', '2016-05-24 16:28:48'),
(283, 7, '2016-05-25', '10:00:00', '10:30:00', 0, '钱樱线下埃及', '2016-05-24 21:32:05'),
(284, 6, '2016-05-28', '17:30:00', '19:00:00', 0, '王喜芬面部', '2016-05-28 16:37:26'),
(285, 5, '2016-05-29', '14:00:00', '15:00:00', 0, '线下面部', '2016-05-29 13:30:27'),
(286, 5, '2016-05-29', '17:00:00', '18:00:00', 0, '朱虹宇晚到', '2016-05-29 15:56:43'),
(287, 7, '2016-05-30', '20:00:00', '20:30:00', 0, '张雯雯', '2016-05-30 17:30:50'),
(288, 6, '2016-06-01', '18:30:00', '21:00:00', 0, '早班', '2016-05-31 11:56:24'),
(289, 6, '2016-06-05', '10:00:00', '22:00:00', 0, '端午休息', '2016-06-03 16:47:29'),
(290, 7, '2016-06-04', '15:00:00', '18:00:00', 0, '郁萍萍', '2016-06-04 10:39:02'),
(291, 6, '2016-06-04', '17:00:00', '17:30:00', 0, '郭晓波', '2016-06-04 13:42:19'),
(292, 7, '2016-06-05', '13:00:00', '13:30:00', 1, '林巧黑脸', '2016-06-05 11:13:32'),
(293, 7, '2016-06-05', '12:30:00', '13:00:00', 1, '林巧黑脸', '2016-06-05 11:14:28'),
(294, 7, '2016-06-05', '18:30:00', '19:00:00', 1, '在', '2016-06-05 17:14:51'),
(295, 7, '2016-06-08', '15:00:00', '15:30:00', 0, '张如晶', '2016-06-08 12:32:37'),
(296, 5, '2016-06-09', '15:00:00', '15:30:00', 0, '刺络', '2016-06-09 13:48:27'),
(297, 5, '2016-06-10', '13:00:00', '14:30:00', 0, '沈奕璟妈妈', '2016-06-09 18:50:44'),
(298, 6, '2016-06-12', '11:30:00', '12:30:00', 0, '李晶晶', '2016-06-10 11:00:11'),
(299, 5, '2016-06-11', '16:00:00', '16:30:00', 0, '轻盈', '2016-06-11 14:49:01'),
(300, 7, '2016-06-12', '18:00:00', '18:30:00', 0, '客人晚到', '2016-06-12 16:07:02'),
(301, 5, '2016-06-13', '10:00:00', '10:30:00', 0, '优诺做艾灸', '2016-06-12 18:57:35'),
(302, 7, '2016-06-20', '13:30:00', '14:30:00', 1, '李晶晶', '2016-06-15 16:33:42'),
(303, 5, '2016-06-20', '18:00:00', '19:00:00', 0, '段振杰', '2016-06-15 20:52:21'),
(304, 7, '2016-06-20', '18:00:00', '19:00:00', 0, '段段朋友', '2016-06-15 20:53:17'),
(305, 5, '2016-06-16', '16:00:00', '17:00:00', 1, '张丽华朋友', '2016-06-16 13:36:24'),
(306, 6, '2016-06-16', '16:00:00', '17:00:00', 0, '张丽华', '2016-06-16 13:36:51'),
(307, 5, '2016-06-16', '16:00:00', '17:30:00', 0, '张丽华朋友', '2016-06-16 16:05:23'),
(308, 6, '2016-06-19', '15:00:00', '17:00:00', 0, '线下yang乳腺，何婷面部脉拨', '2016-06-18 11:33:00'),
(309, 5, '2016-06-19', '17:00:00', '17:30:00', 0, '朱宏宇', '2016-06-19 11:25:29'),
(310, 7, '2016-06-19', '15:00:00', '15:30:00', 1, '冯梅预约', '2016-06-19 12:02:47'),
(311, 7, '2016-06-25', '13:30:00', '14:30:00', 0, '金建晓', '2016-06-19 17:17:28'),
(312, 7, '2016-06-20', '13:30:00', '14:30:00', 0, '庞晓奕', '2016-06-19 18:41:00'),
(313, 7, '2016-06-25', '19:00:00', '21:00:00', 0, '早班', '2016-06-20 15:58:51'),
(314, 7, '2016-06-20', '19:00:00', '20:00:00', 0, '段正杰', '2016-06-20 18:41:35'),
(315, 7, '2016-06-22', '14:30:00', '15:00:00', 0, '客人推迟', '2016-06-22 13:31:43'),
(316, 5, '2016-06-29', '20:00:00', '20:30:00', 0, '莊文琪延时间', '2016-06-22 14:14:11'),
(317, 6, '2016-06-29', '19:30:00', '20:00:00', 0, '段正杰延时间', '2016-06-22 14:16:01'),
(318, 5, '2016-06-27', '10:30:00', '12:00:00', 0, '张春莲', '2016-06-23 20:47:22'),
(319, 7, '2016-06-25', '11:30:00', '12:30:00', 0, '段莹面拨', '2016-06-25 09:38:39'),
(320, 5, '2016-06-25', '17:00:00', '17:30:00', 0, '林巧挑豆', '2016-06-25 16:27:18'),
(321, 7, '2016-06-26', '16:30:00', '18:00:00', 0, '王喜芬', '2016-06-26 11:52:39'),
(322, 7, '2016-06-26', '16:30:00', '18:30:00', 0, '王喜芬', '2016-06-26 13:08:37'),
(323, 5, '2016-06-26', '14:30:00', '14:30:00', 0, '李菁朋友延半小时', '2016-06-26 13:20:40'),
(324, 5, '2016-07-03', '14:00:00', '15:00:00', 0, '徐慧慧', '2016-06-26 17:31:29'),
(325, 6, '2016-07-01', '10:30:00', '11:00:00', 0, '林奋睿三伏贴', '2016-06-27 14:52:55'),
(326, 7, '2016-06-28', '20:00:00', '20:30:00', 0, '客人推迟', '2016-06-28 16:20:18'),
(327, 7, '2016-06-29', '13:00:00', '13:30:00', 0, '张春莲儿子三伏贴', '2016-06-29 12:28:13'),
(328, 7, '2016-07-03', '13:00:00', '14:00:00', 0, '药贴', '2016-06-29 13:41:58'),
(329, 7, '2016-06-29', '16:00:00', '16:30:00', 0, '客人提前', '2016-06-29 14:18:28'),
(330, 5, '2016-06-29', '17:30:00', '17:30:00', 0, '朱婉清艾灸', '2016-06-29 17:00:21'),
(331, 7, '2016-07-01', '19:00:00', '20:30:00', 0, '张如晶', '2016-06-30 16:03:05'),
(332, 5, '2016-07-01', '20:00:00', '21:00:00', 0, '加班早到', '2016-07-01 11:11:44'),
(333, 7, '2016-07-05', '15:00:00', '16:00:00', 0, '药贴', '2016-07-01 13:16:43'),
(334, 5, '2016-07-02', '16:00:00', '16:30:00', 0, '张如晶做三伏贴', '2016-07-01 18:53:17'),
(335, 7, '2016-07-02', '15:00:00', '16:30:00', 0, '徐慧慧延迟', '2016-07-02 13:52:57'),
(336, 7, '2016-07-05', '16:00:00', '17:00:00', 0, '张如晶三伏贴', '2016-07-02 17:24:09'),
(337, 7, '2016-07-06', '10:30:00', '11:30:00', 0, '张春莲儿子', '2016-07-03 13:43:13'),
(338, 7, '2016-07-03', '14:30:00', '15:30:00', 0, '张晓月延迟', '2016-07-03 14:21:53'),
(339, 7, '2016-07-13', '10:30:00', '11:30:00', 0, '林风睿三伏贴', '2016-07-05 11:08:06'),
(340, 7, '2016-07-06', '13:00:00', '14:00:00', 0, '艾灸', '2016-07-06 11:00:57'),
(341, 5, '2016-07-07', '10:00:00', '11:30:00', 0, '莉香', '2016-07-06 13:09:11'),
(342, 7, '2016-07-06', '17:30:00', '19:00:00', 0, '请假1小时', '2016-07-06 17:24:49'),
(343, 6, '2016-07-10', '14:30:00', '15:00:00', 0, '杨丽', '2016-07-06 18:05:17'),
(344, 5, '2016-07-07', '15:30:00', '15:30:00', 1, '杨忻做三伏贴', '2016-07-07 09:46:41'),
(345, 5, '2016-07-07', '10:30:00', '12:30:00', 0, '莉香', '2016-07-07 10:36:03'),
(346, 5, '2016-07-07', '13:30:00', '14:30:00', 0, '张如晶三伏贴', '2016-07-07 10:51:23'),
(347, 5, '2016-07-10', '13:00:00', '14:00:00', 0, '王燕三伏贴', '2016-07-07 13:55:22'),
(348, 7, '2016-07-09', '12:00:00', '13:30:00', 0, '万毓球', '2016-07-09 10:07:11'),
(349, 5, '2016-07-16', '15:00:00', '19:00:00', 0, '请假4小时', '2016-07-09 11:37:23'),
(350, 5, '2016-07-09', '16:00:00', '17:30:00', 0, '肖晶晶', '2016-07-09 14:58:45'),
(351, 5, '2016-07-10', '19:00:00', '21:00:00', 0, '早班', '2016-07-09 15:09:17'),
(352, 7, '2016-07-09', '18:30:00', '19:00:00', 0, '郁萍萍延时间', '2016-07-09 16:13:17'),
(353, 5, '2016-07-09', '18:00:00', '18:30:00', 0, '肖晶晶延时间', '2016-07-09 16:14:04'),
(354, 7, '2016-07-11', '14:30:00', '15:30:00', 0, '诺诺推迟', '2016-07-11 13:33:34'),
(355, 5, '2016-07-13', '18:30:00', '20:30:00', 0, '段正杰', '2016-07-11 15:57:49'),
(356, 6, '2016-07-13', '18:30:00', '20:30:00', 0, '肖晶晶', '2016-07-11 15:58:25'),
(357, 7, '2016-07-11', '20:00:00', '21:00:00', 0, '莊文琪迟到', '2016-07-11 17:18:35'),
(358, 6, '2016-07-13', '12:00:00', '13:00:00', 0, '加班', '2016-07-12 13:12:43'),
(359, 7, '2016-07-10', '17:00:00', '17:30:00', 0, '张如晶三伏贴延时间', '2016-07-13 16:05:52'),
(360, 7, '2016-07-17', '11:30:00', '12:00:00', 0, '段莹', '2016-07-13 16:31:55'),
(361, 5, '2016-07-14', '16:30:00', '18:00:00', 1, '叶佳约面部加脱毛', '2016-07-14 10:38:53'),
(362, 5, '2016-07-14', '16:00:00', '18:00:00', 0, '叶佳 约面部  加脱毛', '2016-07-14 10:40:14'),
(363, 6, '2016-07-24', '19:00:00', '21:00:00', 0, '早班', '2016-07-15 17:47:22'),
(364, 5, '2016-07-17', '19:00:00', '21:00:00', 0, '7月17改为早班', '2016-07-16 10:11:59'),
(365, 7, '2016-07-16', '19:00:00', '19:30:00', 0, '下班', '2016-07-16 16:27:46'),
(366, 5, '2016-07-31', '17:30:00', '17:30:00', 0, '朱虹宇延时间', '2016-07-17 17:30:29'),
(367, 7, '2016-07-18', '15:00:00', '16:00:00', 0, '任小姐', '2016-07-17 18:56:54'),
(368, 5, '2016-07-18', '15:00:00', '16:00:00', 0, '任小姐', '2016-07-17 18:57:33'),
(369, 7, '2016-07-20', '10:30:00', '11:30:00', 0, '于晓春', '2016-07-19 15:46:56'),
(370, 7, '2016-07-20', '12:00:00', '13:00:00', 0, '李菁提前', '2016-07-20 10:47:11'),
(371, 6, '2016-07-21', '14:00:00', '15:30:00', 0, '王敏线下透明质酸', '2016-07-20 13:02:10'),
(372, 7, '2016-07-27', '18:30:00', '20:30:00', 0, '肖晶晶', '2016-07-20 19:20:33'),
(373, 5, '2016-07-27', '18:30:00', '20:30:00', 0, '莊文琪', '2016-07-20 19:21:05'),
(374, 6, '2016-07-27', '18:30:00', '20:30:00', 0, '肖晶晶', '2016-07-20 19:21:26'),
(375, 5, '2016-07-21', '13:30:00', '14:30:00', 0, '姚雅勤', '2016-07-21 12:10:57'),
(376, 6, '2016-07-23', '16:30:00', '15:30:00', 1, '郭晓波预约三焦加艾灸', '2016-07-23 09:59:28'),
(377, 6, '2016-07-23', '16:30:00', '17:30:00', 0, '郭晓波三焦加艾灸', '2016-07-23 10:01:38'),
(378, 6, '2016-07-23', '17:30:00', '18:30:00', 0, '会', '2016-07-23 17:32:34'),
(379, 6, '2016-07-24', '17:00:00', '19:00:00', 0, '请假', '2016-07-24 14:20:25'),
(380, 7, '2016-07-25', '12:00:00', '13:00:00', 0, '吃饭', '2016-07-25 10:01:04'),
(381, 7, '2016-07-27', '16:00:00', '17:00:00', 0, '客人延迟', '2016-07-27 14:34:13'),
(382, 7, '2016-07-30', '12:00:00', '13:00:00', 0, '段莹推迟', '2016-07-30 10:21:42'),
(383, 5, '2016-07-30', '15:30:00', '17:30:00', 0, '胡小姐三伏灸', '2016-07-30 10:43:50'),
(384, 6, '2016-07-31', '19:00:00', '21:00:00', 0, '早班', '2016-07-30 11:30:02'),
(385, 7, '2016-07-31', '18:00:00', '19:00:00', 1, '请假1小时', '2016-07-31 11:41:22'),
(386, 5, '2016-07-31', '18:00:00', '19:30:00', 0, '顾桂燕全刷体加艾灸', '2016-07-31 11:50:11'),
(387, 7, '2016-08-28', '10:00:00', '21:00:00', 1, '换休', '2016-08-01 18:28:08'),
(388, 7, '2016-08-29', '10:00:00', '21:00:00', 1, '换休', '2016-08-01 18:28:29'),
(389, 7, '2016-08-30', '10:00:00', '21:00:00', 1, '换休', '2016-08-01 18:29:17'),
(390, 7, '2016-08-31', '10:00:00', '21:00:00', 1, '换休', '2016-08-01 18:29:38'),
(391, 5, '2016-08-03', '20:30:00', '21:00:00', 0, '莊文琪延时间', '2016-08-03 09:20:28'),
(392, 7, '2016-08-07', '17:00:00', '19:00:00', 0, '请假2小时', '2016-08-05 14:56:29'),
(393, 6, '2016-08-10', '18:30:00', '19:30:00', 0, '冯梅', '2016-08-06 14:54:35'),
(394, 7, '2016-08-23', '10:00:00', '21:00:00', 0, '玛雅', '2016-08-11 12:06:06'),
(395, 6, '2016-08-23', '10:00:00', '21:00:00', 0, '玛雅', '2016-08-11 12:06:39'),
(396, 7, '2016-08-12', '12:00:00', '15:30:00', 1, '请假4小时', '2016-08-11 14:24:29'),
(397, 7, '2016-08-12', '12:00:00', '15:30:00', 1, '请假3小时', '2016-08-11 14:25:02'),
(398, 7, '2016-08-12', '17:00:00', '18:00:00', 0, '杨忻乳腺', '2016-08-12 16:20:40'),
(399, 7, '2016-08-13', '19:00:00', '19:30:00', 1, '吃饭', '2016-08-13 09:53:00'),
(400, 5, '2016-08-13', '19:00:00', '19:30:00', 1, '吃饭', '2016-08-13 09:53:34'),
(401, 7, '2016-08-25', '10:00:00', '21:00:00', 0, '换休', '2016-08-15 11:54:38'),
(402, 7, '2016-08-26', '10:00:00', '21:00:00', 0, '换休', '2016-08-15 11:55:10'),
(403, 7, '2016-08-27', '10:00:00', '21:00:00', 0, '换休', '2016-08-15 11:55:45'),
(404, 7, '2016-08-28', '10:00:00', '21:00:00', 0, '换休', '2016-08-15 11:56:14'),
(405, 7, '2016-08-19', '19:00:00', '21:00:00', 1, '早班', '2016-08-16 10:44:36'),
(406, 7, '2016-08-16', '12:00:00', '12:30:00', 0, '沈奕璟推迟30分钟', '2016-08-16 10:52:14'),
(407, 5, '2016-08-17', '17:30:00', '17:30:00', 1, '胡倩脱毛延时间', '2016-08-17 12:11:02'),
(408, 5, '2016-08-19', '15:00:00', '15:30:00', 0, '周丽云轻盈', '2016-08-18 15:10:44'),
(409, 7, '2016-08-18', '20:30:00', '21:00:00', 1, '吃饭', '2016-08-18 19:10:50'),
(410, 7, '2016-08-24', '19:00:00', '19:30:00', 1, '下班', '2016-08-19 11:42:34'),
(411, 6, '2016-08-20', '19:30:00', '19:30:00', 0, '张如晶', '2016-08-20 14:29:23'),
(412, 5, '2016-08-20', '17:00:00', '17:00:00', 1, '邸文涛推半小时', '2016-08-20 16:13:52'),
(413, 5, '2016-08-20', '17:00:00', '17:30:00', 0, '邸文涛延时间', '2016-08-20 16:44:08'),
(414, 7, '2016-08-21', '15:30:00', '16:00:00', 0, '三伏贴', '2016-08-21 11:20:36'),
(415, 6, '2016-08-28', '15:00:00', '15:30:00', 0, '乳腺', '2016-08-21 16:38:34'),
(416, 5, '2016-08-31', '12:00:00', '21:00:00', 0, '休息', '2016-08-22 11:38:34'),
(417, 7, '2016-08-24', '18:00:00', '19:00:00', 1, '赶车', '2016-08-24 10:36:15'),
(418, 5, '2016-08-24', '15:00:00', '15:00:00', 0, '陈敏延时间', '2016-08-24 13:26:13'),
(419, 7, '2016-08-24', '17:00:00', '14:44:00', 1, '黄晶', '2016-08-24 14:44:57'),
(420, 7, '2016-08-24', '16:00:00', '19:00:00', 0, '黄晶推迟', '2016-08-24 14:46:12'),
(421, 6, '2016-08-26', '16:00:00', '16:30:00', 0, '三伏贴', '2016-08-25 11:55:30'),
(422, 5, '2016-08-26', '14:30:00', '15:30:00', 0, '姚雅勤三伏贴', '2016-08-26 14:34:49'),
(423, 6, '2016-09-02', '18:30:00', '21:00:00', 0, '杨丽', '2016-08-26 17:04:45'),
(424, 5, '2016-09-04', '15:30:00', '16:00:00', 0, '张宇', '2016-08-28 16:33:51'),
(425, 6, '2016-08-28', '20:30:00', '21:00:00', 1, '艾灸', '2016-08-28 20:15:08'),
(426, 7, '2016-08-29', '14:00:00', '14:30:00', 0, '沈奕璟肩颈', '2016-08-29 10:23:17'),
(427, 7, '2016-08-29', '21:00:00', '21:00:00', 0, '洪小果', '2016-08-29 10:38:39'),
(428, 6, '2016-09-03', '12:00:00', '14:00:00', 0, '顾桂燕', '2016-08-30 17:25:00'),
(429, 7, '2016-09-06', '18:30:00', '20:00:00', 0, '肖晶晶', '2016-08-30 19:41:37'),
(430, 6, '2016-09-06', '18:30:00', '20:00:00', 0, '莊文琪', '2016-08-30 19:42:22'),
(431, 7, '2016-08-31', '18:00:00', '19:00:00', 0, '抵加班', '2016-08-31 11:57:26'),
(432, 9, '2016-09-01', '20:00:00', '21:00:00', 1, '中班', '2016-09-01 12:48:25'),
(433, 9, '2016-09-02', '19:00:00', '21:00:00', 1, '早班', '2016-09-01 12:48:53'),
(434, 9, '2016-09-09', '09:30:00', '12:30:00', 0, '培训', '2016-09-01 16:35:09'),
(435, 7, '2016-09-09', '09:30:00', '12:30:00', 1, '培训', '2016-09-01 16:35:34'),
(436, 5, '2016-09-09', '09:30:00', '12:30:00', 1, '培训', '2016-09-01 16:36:01'),
(437, 6, '2016-09-09', '09:30:00', '12:30:00', 1, '培训', '2016-09-01 16:36:28'),
(438, 9, '2016-09-02', '17:00:00', '16:30:00', 1, '吃饭', '2016-09-02 14:20:17'),
(439, 7, '2016-09-02', '17:00:00', '18:30:00', 0, '吃饭', '2016-09-02 14:20:52'),
(440, 9, '2016-09-02', '17:00:00', '18:30:00', 0, '吃饭', '2016-09-02 14:21:18'),
(441, 5, '2016-09-02', '17:00:00', '18:30:00', 0, '吃饭', '2016-09-02 14:21:37'),
(442, 6, '2016-09-02', '17:00:00', '18:30:00', 0, '吃饭', '2016-09-02 14:22:00'),
(443, 9, '2016-09-03', '10:00:00', '12:00:00', 1, '晚班', '2016-09-02 18:39:04'),
(444, 6, '2016-09-07', '15:00:00', '18:00:00', 0, '杨丽', '2016-09-03 11:12:33'),
(445, 7, '2016-09-03', '19:00:00', '19:30:00', 1, '早班', '2016-09-03 13:05:37'),
(446, 9, '2016-09-04', '19:00:00', '21:00:00', 1, '早班', '2016-09-04 10:08:36'),
(447, 6, '2016-09-04', '18:30:00', '19:00:00', 0, '薛云霞', '2016-09-04 12:45:59'),
(448, 5, '2016-09-04', '16:30:00', '16:30:00', 0, '张宇延时间', '2016-09-04 15:42:19'),
(449, 5, '2016-09-05', '18:00:00', '19:00:00', 0, '九点上班     六点下班', '2016-09-04 20:30:07'),
(450, 7, '2016-09-07', '18:00:00', '19:00:00', 1, '补b班', '2016-09-06 11:28:50'),
(451, 9, '2016-09-08', '10:00:00', '13:00:00', 1, '培训思妍丽', '2016-09-06 14:29:56'),
(452, 7, '2016-09-08', '10:00:00', '13:00:00', 1, '培训思妍丽', '2016-09-06 14:30:18'),
(453, 5, '2016-09-08', '10:00:00', '13:00:00', 1, '培训思妍丽', '2016-09-06 14:30:42'),
(454, 7, '2016-09-07', '18:00:00', '19:00:00', 1, '周二加班1小时，六点下班', '2016-09-06 14:33:28'),
(455, 7, '2016-09-07', '18:00:00', '19:00:00', 0, '周一加班1小时，周三6点下班', '2016-09-06 14:34:27'),
(456, 9, '2016-09-08', '10:00:00', '12:00:00', 1, '晚班', '2016-09-06 14:35:39'),
(457, 9, '2016-09-08', '10:00:00', '12:00:00', 0, '培训', '2016-09-06 14:57:49'),
(458, 7, '2016-09-08', '10:00:00', '12:00:00', 0, '培训', '2016-09-06 14:58:12'),
(459, 5, '2016-09-08', '10:00:00', '12:00:00', 0, '培训', '2016-09-06 14:58:37'),
(460, 6, '2016-09-08', '10:00:00', '12:00:00', 0, '培训', '2016-09-06 14:58:58'),
(461, 9, '2016-09-08', '12:00:00', '15:00:00', 0, '培训', '2016-09-06 15:00:50'),
(462, 7, '2016-09-08', '12:00:00', '15:00:00', 0, '培训', '2016-09-06 15:01:12'),
(463, 5, '2016-09-08', '10:00:00', '15:00:00', 0, '培训', '2016-09-06 15:01:33'),
(464, 6, '2016-09-08', '12:00:00', '15:00:00', 0, '培训', '2016-09-06 15:01:54'),
(465, 9, '2016-09-06', '19:00:00', '21:00:00', 1, '早班', '2016-09-06 16:19:36'),
(466, 9, '2016-09-07', '10:00:00', '21:00:00', 0, '休息', '2016-09-06 16:41:58'),
(467, 9, '2016-09-10', '12:00:00', '21:00:00', 1, '晚班', '2016-09-06 16:46:29'),
(468, 6, '2016-09-13', '18:00:00', '20:00:00', 0, '莊文琪', '2016-09-06 19:38:11'),
(469, 7, '2016-09-13', '18:00:00', '20:00:00', 0, '肖晶晶', '2016-09-06 19:39:13'),
(470, 5, '2016-09-07', '13:00:00', '14:00:00', 0, '吴', '2016-09-07 12:47:21'),
(471, 7, '2016-09-11', '10:00:00', '12:00:00', 0, '吴小姐做三焦加乳腺', '2016-09-07 18:50:35'),
(472, 5, '2016-09-14', '18:00:00', '20:00:00', 0, '段正杰', '2016-09-07 20:51:18'),
(473, 9, '2016-09-16', '10:00:00', '13:00:00', 1, '培训', '2016-09-08 11:13:14'),
(474, 7, '2016-09-16', '10:00:00', '13:00:00', 1, '培训', '2016-09-08 11:13:44'),
(475, 5, '2016-09-16', '10:00:00', '13:00:00', 1, '培训', '2016-09-08 11:14:03'),
(476, 6, '2016-09-16', '10:00:00', '13:00:00', 1, '培训', '2016-09-08 11:14:22'),
(477, 9, '2016-09-14', '10:00:00', '13:00:00', 0, '培训', '2016-09-08 11:17:28'),
(478, 7, '2016-09-14', '10:00:00', '13:00:00', 0, '培训', '2016-09-08 11:17:48'),
(479, 5, '2016-09-14', '10:00:00', '13:00:00', 0, '培训', '2016-09-08 11:18:07'),
(480, 6, '2016-09-14', '10:00:00', '13:00:00', 0, '培训', '2016-09-08 11:18:32'),
(481, 7, '2016-09-09', '19:00:00', '21:00:00', 0, '早班', '2016-09-08 14:03:16'),
(482, 7, '2016-09-10', '10:00:00', '21:00:00', 0, '休息', '2016-09-08 15:12:15'),
(483, 7, '2016-09-16', '10:00:00', '21:00:00', 0, '中秋休', '2016-09-09 11:02:16'),
(484, 5, '2016-09-21', '12:00:00', '21:00:00', 0, '中秋假', '2016-09-09 11:03:48'),
(485, 9, '2016-09-15', '10:00:00', '21:00:00', 0, '调休', '2016-09-09 11:59:08'),
(486, 9, '2016-09-16', '10:00:00', '21:00:00', 0, '中秋休', '2016-09-09 11:59:30'),
(487, 6, '2016-09-11', '10:00:00', '21:00:00', 0, '中秋休', '2016-09-09 12:00:13'),
(488, 7, '2016-09-09', '18:00:00', '19:00:00', 0, '开会', '2016-09-09 17:07:01'),
(489, 9, '2016-09-09', '18:00:00', '19:00:00', 0, '开会', '2016-09-09 17:07:18'),
(490, 5, '2016-09-09', '18:00:00', '19:00:00', 0, '开会', '2016-09-09 17:07:34'),
(491, 6, '2016-09-09', '18:00:00', '19:00:00', 0, '开会', '2016-09-09 17:07:53'),
(492, 6, '2016-09-10', '06:30:00', '07:00:00', 1, '吃饭', '2016-09-10 15:46:39'),
(493, 6, '2016-09-10', '18:30:00', '19:00:00', 0, '吃饭', '2016-09-10 15:47:52'),
(494, 5, '2016-09-15', '10:00:00', '11:30:00', 0, '改为晚班', '2016-09-10 15:57:09'),
(495, 6, '2016-09-15', '19:00:00', '21:00:00', 0, '改为早班', '2016-09-10 15:58:01'),
(496, 9, '2016-09-12', '20:00:00', '21:00:00', 1, '中班', '2016-09-11 18:12:38'),
(497, 6, '2016-09-13', '13:00:00', '14:00:00', 0, '顾桂燕', '2016-09-13 10:55:03'),
(498, 7, '2016-11-17', '10:00:00', '21:00:00', 0, '国庆休', '2016-09-13 13:00:49'),
(499, 7, '2016-11-18', '10:00:00', '21:00:00', 0, '国庆休', '2016-09-13 13:01:16'),
(500, 7, '2016-09-19', '10:00:00', '21:00:00', 1, '国庆休', '2016-09-13 13:01:40'),
(501, 7, '2016-11-20', '10:00:00', '21:00:00', 0, '国庆休', '2016-09-13 13:02:10'),
(502, 7, '2016-11-19', '10:00:00', '21:00:00', 0, '国庆休', '2016-09-13 13:03:00'),
(503, 9, '2016-09-17', '09:00:00', '19:00:00', 1, '早班', '2016-09-13 14:11:32'),
(504, 9, '2016-09-17', '19:00:00', '21:00:00', 1, '早班', '2016-09-13 14:13:22'),
(505, 6, '2016-09-30', '10:00:00', '21:00:00', 0, '国庆休息', '2016-09-13 16:57:06'),
(506, 6, '2016-10-01', '10:00:00', '21:00:00', 0, '国庆休', '2016-09-13 16:57:55'),
(507, 6, '2016-10-02', '10:00:00', '21:00:00', 0, '国庆休', '2016-09-13 16:58:18'),
(508, 5, '2016-09-17', '19:00:00', '19:00:00', 0, '早班加班', '2016-09-17 13:35:15'),
(509, 6, '2016-09-18', '19:30:00', '21:00:00', 0, '早班', '2016-09-17 19:03:30'),
(510, 9, '2016-09-18', '10:00:00', '12:00:00', 1, '晚班', '2016-09-18 09:51:47'),
(511, 7, '2016-09-19', '17:00:00', '17:30:00', 0, 'echo延迟', '2016-09-19 13:11:07'),
(512, 5, '2016-09-19', '19:00:00', '19:00:00', 1, '九点半加班', '2016-09-19 17:39:12'),
(513, 6, '2016-09-25', '19:00:00', '21:00:00', 0, '早班', '2016-09-20 11:39:01'),
(514, 9, '2016-10-08', '10:00:00', '21:00:00', 0, '国庆休', '2016-09-20 13:15:59'),
(515, 9, '2016-10-09', '10:00:00', '21:00:00', 0, '国庆休', '2016-09-20 13:16:25'),
(516, 9, '2016-10-10', '10:00:00', '21:00:00', 0, '国庆休', '2016-09-20 13:16:52'),
(517, 9, '2016-10-11', '10:00:00', '21:00:00', 0, '国庆休', '2016-09-20 13:17:11'),
(518, 9, '2016-10-01', '10:00:00', '12:00:00', 1, '晚班', '2016-09-20 13:54:22'),
(519, 6, '2016-09-21', '15:00:00', '18:00:00', 1, '顾桂燕', '2016-09-20 16:28:36'),
(520, 7, '2016-09-23', '18:00:00', '21:00:00', 0, '早班', '2016-09-21 17:31:04'),
(521, 9, '2016-09-23', '10:00:00', '12:00:00', 1, '晚班', '2016-09-21 17:37:34'),
(522, 6, '2016-09-28', '18:30:00', '20:00:00', 0, '段正杰', '2016-09-21 21:07:09'),
(523, 6, '2016-09-27', '10:00:00', '12:00:00', 0, '晚班', '2016-09-22 11:44:39'),
(524, 9, '2016-09-22', '19:30:00', '21:00:00', 1, '还时', '2016-09-22 18:09:04'),
(525, 5, '2016-09-30', '10:00:00', '21:00:00', 0, '休息', '2016-09-24 10:01:26'),
(526, 9, '2016-09-25', '12:00:00', '21:00:00', 1, '晚班', '2016-09-24 18:42:14'),
(527, 9, '2016-09-25', '10:00:00', '12:00:00', 1, '晚班', '2016-09-24 18:43:24'),
(528, 7, '2016-09-26', '13:00:00', '15:30:00', 1, 'echo', '2016-09-25 11:20:37'),
(529, 9, '2016-09-26', '19:00:00', '21:00:00', 1, '早班', '2016-09-25 19:00:50'),
(530, 7, '2016-09-26', '13:30:00', '15:30:00', 0, '杨忻', '2016-09-26 13:10:18'),
(531, 9, '2016-09-27', '10:00:00', '12:00:00', 1, '晚班', '2016-09-26 16:04:24'),
(532, 7, '2016-09-28', '10:00:00', '21:00:00', 0, '学习', '2016-09-27 21:15:03'),
(533, 9, '2016-09-29', '19:30:00', '19:00:00', 1, '改为早班', '2016-09-28 11:11:46'),
(534, 9, '2016-09-29', '19:30:00', '21:00:00', 1, '早班', '2016-09-28 11:13:18'),
(535, 7, '2016-10-02', '19:00:00', '19:30:00', 1, '早班', '2016-10-01 18:13:03'),
(536, 7, '2016-10-02', '18:00:00', '19:00:00', 0, '补班', '2016-10-02 14:01:58'),
(537, 7, '2016-10-04', '19:00:00', '21:00:00', 0, '早班', '2016-10-03 16:53:59'),
(538, 6, '2016-10-13', '19:00:00', '19:30:00', 0, '王婧俐', '2016-10-08 16:45:47'),
(539, 6, '2016-10-16', '18:30:00', '20:30:00', 0, '薛云霞', '2016-10-09 14:13:37'),
(540, 6, '2016-10-11', '13:00:00', '16:00:00', 1, '杨丽', '2016-10-10 09:58:18'),
(541, 6, '2016-10-12', '12:00:00', '21:00:00', 0, '休息', '2016-10-10 15:06:07'),
(542, 6, '2016-10-13', '14:00:00', '15:00:00', 0, '苏云', '2016-10-11 15:59:10'),
(543, 7, '2016-10-14', '14:00:00', '16:00:00', 0, '顾桂燕妈妈', '2016-10-14 11:54:25'),
(544, 6, '2016-10-14', '14:00:00', '16:00:00', 0, '顾桂燕', '2016-10-14 11:56:02'),
(545, 6, '2016-10-15', '19:30:00', '21:00:00', 1, '柯明理疗', '2016-10-15 15:56:46'),
(546, 7, '2016-10-15', '18:30:00', '19:00:00', 0, '苏云', '2016-10-15 16:48:51'),
(547, 7, '2016-10-19', '18:30:00', '19:00:00', 0, '莊文琪', '2016-10-17 12:03:10'),
(548, 7, '2016-10-18', '18:30:00', '19:30:00', 0, '钱樱', '2016-10-17 13:34:57'),
(549, 9, '2016-10-23', '14:30:00', '15:30:00', 1, '张雪媛老公', '2016-10-22 17:25:14'),
(550, 7, '2016-10-23', '15:00:00', '16:00:00', 0, '张', '2016-10-23 13:25:19'),
(551, 7, '2016-10-29', '14:00:00', '15:00:00', 0, '冯梅', '2016-10-29 09:45:54'),
(552, 9, '2016-10-29', '18:30:00', '19:00:00', 0, '艾灸', '2016-10-29 17:52:59'),
(553, 7, '2016-10-29', '18:30:00', '19:00:00', 0, '艾灸', '2016-10-29 17:53:20'),
(554, 7, '2016-10-31', '12:00:00', '14:30:00', 0, '客人预约', '2016-10-31 11:44:43'),
(555, 7, '2016-11-06', '15:00:00', '18:00:00', 1, '冯梅理疗', '2016-11-04 12:05:22'),
(556, 6, '2016-11-05', '19:00:00', '20:30:00', 0, '谢海引肾保养', '2016-11-05 10:13:03'),
(557, 7, '2016-11-06', '15:00:00', '16:00:00', 0, '何婷', '2016-11-06 11:26:21'),
(558, 9, '2016-11-13', '19:30:00', '21:00:00', 1, '早班', '2016-11-06 13:58:17'),
(559, 9, '2016-11-13', '14:00:00', '17:30:00', 0, '三焦', '2016-11-08 16:05:14'),
(560, 7, '2016-11-13', '16:00:00', '17:30:00', 0, '彭庆娥', '2016-11-13 15:36:17'),
(561, 7, '2016-11-16', '17:00:00', '19:00:00', 0, '请假2小时', '2016-11-14 15:47:34'),
(562, 9, '2016-11-16', '13:30:00', '16:00:00', 1, '脱毛', '2016-11-16 11:34:05'),
(563, 9, '2016-11-23', '13:30:00', '15:30:00', 0, '培训', '2016-11-16 13:36:33'),
(564, 7, '2016-11-23', '13:30:00', '15:30:00', 0, '培训', '2016-11-16 13:36:55'),
(565, 6, '2016-11-23', '13:30:00', '15:30:00', 0, '培训', '2016-11-16 13:37:23'),
(566, 9, '2016-11-18', '19:00:00', '21:00:00', 1, '还时', '2016-11-18 19:12:47'),
(567, 9, '2016-11-19', '11:30:00', '12:00:00', 0, '谢丽华', '2016-11-19 09:41:48'),
(568, 9, '2016-11-20', '17:30:00', '18:30:00', 0, '客人迟到', '2016-11-20 14:38:42'),
(569, 6, '2016-11-25', '18:00:00', '19:00:00', 0, '唐晓英', '2016-11-25 16:36:37'),
(570, 9, '2016-11-27', '16:00:00', '17:30:00', 1, '黄艺君晚到', '2016-11-27 15:27:16'),
(571, 9, '2016-11-27', '16:00:00', '17:00:00', 0, '黄艺君晚到', '2016-11-27 15:28:11'),
(572, 9, '2016-12-01', '13:00:00', '14:00:00', 1, '诞诞妈朋友做肩颈', '2016-12-01 11:21:05'),
(573, 9, '2016-12-01', '13:00:00', '13:30:00', 1, '诞诞妈朋友做肩颈', '2016-12-01 11:22:28'),
(574, 7, '2016-12-09', '10:00:00', '21:00:00', 0, '调休', '2016-12-03 15:18:23'),
(575, 7, '2016-12-10', '10:00:00', '21:00:00', 0, '调休', '2016-12-03 15:18:42'),
(576, 7, '2016-12-11', '10:00:00', '21:00:00', 0, '调休', '2016-12-03 15:19:00'),
(577, 7, '2016-12-08', '10:00:00', '21:00:00', 0, '本休', '2016-12-05 11:57:57'),
(578, 9, '2016-12-11', '19:00:00', '21:00:00', 1, '早班', '2016-12-11 09:53:22'),
(579, 9, '2016-12-11', '16:30:00', '17:00:00', 0, '帮客人送东西去了', '2016-12-11 16:38:52'),
(580, 7, '2016-12-20', '18:30:00', '21:00:00', 1, '肖晶晶', '2016-12-13 20:58:52'),
(581, 6, '2016-12-20', '18:30:00', '21:00:00', 1, '段正杰', '2016-12-13 20:59:34'),
(582, 9, '2016-12-16', '20:00:00', '21:00:00', 0, '李倩源', '2016-12-14 13:57:25'),
(583, 6, '2016-12-20', '18:00:00', '21:00:00', 0, '张雨', '2016-12-15 12:08:57'),
(584, 7, '2016-12-15', '19:00:00', '19:30:00', 0, '早班', '2016-12-15 18:04:13'),
(585, 9, '2017-01-04', '10:00:00', '21:00:00', 0, '元旦休', '2016-12-17 12:04:09'),
(586, 9, '2017-01-11', '10:00:00', '21:00:00', 0, '调休2016.12.6', '2016-12-17 12:04:51'),
(587, 9, '2017-01-12', '10:00:00', '21:00:00', 0, '调休2016.12.13', '2016-12-17 12:05:24'),
(588, 7, '2017-01-06', '10:00:00', '21:00:00', 1, '元旦休', '2016-12-17 12:06:03'),
(589, 6, '2017-01-01', '10:00:00', '21:00:00', 0, '元旦休', '2016-12-17 12:07:36'),
(590, 9, '2016-12-24', '13:30:00', '16:00:00', 1, '程澍   乳腺+面部脉拨+艾灸', '2016-12-17 16:10:31'),
(591, 6, '2016-12-21', '13:00:00', '15:00:00', 0, '顾桂燕', '2016-12-21 11:20:52'),
(592, 9, '2016-12-23', '20:00:00', '20:30:00', 1, '程澍艾灸', '2016-12-22 16:57:26'),
(593, 9, '2016-12-24', '13:30:00', '17:00:00', 1, '程澍-面部脉拨＋艾灸', '2016-12-23 16:21:07'),
(594, 9, '2016-12-24', '13:30:00', '15:30:00', 1, '程澍-面部脉拨＋艾灸', '2016-12-23 16:22:58'),
(595, 9, '2016-12-24', '13:30:00', '15:00:00', 1, '程澍-面拨脉拨＋艾灸', '2016-12-23 16:24:17'),
(596, 7, '2016-12-24', '17:00:00', '19:00:00', 1, '请假2小时', '2016-12-24 14:21:06'),
(597, 9, '2016-12-28', '11:00:00', '12:00:00', 0, '吴碟', '2016-12-28 11:12:12'),
(598, 6, '2016-12-31', '19:00:00', '21:00:00', 0, '聚会', '2016-12-30 12:28:14'),
(599, 7, '2016-12-30', '18:00:00', '19:30:00', 0, '谢丽华理疗', '2016-12-30 15:41:30'),
(600, 7, '2017-01-14', '10:00:00', '21:00:00', 0, '跟小爽调休', '2016-12-30 18:10:18'),
(601, 7, '2016-12-30', '19:00:00', '21:00:00', 1, '替加班', '2016-12-30 18:55:48'),
(602, 7, '2017-01-15', '10:00:00', '11:30:00', 0, '晚班', '2017-01-01 13:04:28'),
(603, 9, '2017-01-15', '19:00:00', '21:00:00', 0, '早班', '2017-01-01 13:04:54'),
(604, 7, '2017-01-01', '19:00:00', '19:30:00', 1, '早班吃饭', '2017-01-01 17:45:37'),
(605, 7, '2017-01-03', '20:00:00', '20:30:00', 1, '莊文琪', '2017-01-03 20:13:11'),
(606, 9, '2017-01-25', '19:00:00', '21:00:00', 0, '早班', '2017-01-04 13:26:08'),
(607, 7, '2017-01-17', '17:30:00', '21:00:00', 1, '年夜饭', '2017-01-04 18:27:14'),
(608, 6, '2017-01-17', '17:30:00', '21:00:00', 1, '年夜饭', '2017-01-04 18:27:35'),
(609, 9, '2017-01-13', '17:30:00', '21:00:00', 0, '年夜饭', '2017-01-04 19:15:15'),
(610, 7, '2017-01-13', '17:30:00', '21:00:00', 0, '年夜饭', '2017-01-04 19:15:38'),
(611, 6, '2017-01-13', '17:30:00', '21:00:00', 0, '年夜饭', '2017-01-04 19:16:00'),
(612, 7, '2017-01-25', '10:00:00', '21:00:00', 0, '元旦休', '2017-01-06 13:24:22'),
(613, 9, '2017-01-26', '10:00:00', '21:00:00', 0, '年假', '2017-01-06 13:30:14'),
(614, 9, '2017-01-27', '10:00:00', '21:00:00', 0, '年假', '2017-01-06 13:31:01'),
(615, 9, '2017-01-28', '10:00:00', '21:00:00', 0, '年假', '2017-01-06 13:34:50'),
(616, 9, '2017-01-29', '10:00:00', '21:00:00', 0, '年假', '2017-01-06 13:35:13'),
(617, 9, '2017-01-30', '10:00:00', '21:00:00', 0, '年假', '2017-01-06 13:35:51'),
(618, 9, '2017-01-31', '10:00:00', '21:00:00', 0, '年假', '2017-01-06 13:36:11'),
(619, 9, '2017-02-01', '10:00:00', '21:00:00', 0, '年假', '2017-01-06 13:36:53'),
(620, 9, '2017-02-02', '10:00:00', '21:00:00', 0, '年假', '2017-01-06 13:37:13'),
(621, 9, '2017-02-03', '10:00:00', '21:00:00', 0, '年假', '2017-01-06 13:37:31'),
(622, 7, '2017-01-26', '10:00:00', '21:00:00', 0, '年假', '2017-01-06 13:39:28'),
(623, 7, '2017-01-27', '10:00:00', '21:00:00', 0, '年假', '2017-01-06 13:39:59'),
(624, 7, '2017-01-28', '10:00:00', '21:00:00', 0, '年假', '2017-01-06 13:40:18'),
(625, 7, '2017-01-29', '10:00:00', '21:00:00', 0, '年假', '2017-01-06 13:40:38'),
(626, 7, '2017-01-30', '10:00:00', '21:00:00', 0, '年假', '2017-01-06 13:41:02'),
(627, 7, '2017-01-31', '10:00:00', '21:00:00', 0, '年假', '2017-01-06 13:41:23'),
(628, 7, '2017-02-01', '10:00:00', '21:00:00', 0, '年假', '2017-01-06 13:42:01');
INSERT INTO `beautician_rest` (`beautician_rest_id`, `beautician_id`, `rest_day`, `start_time`, `end_time`, `disabled`, `ps`, `create_time`) VALUES
(629, 7, '2017-02-02', '10:00:00', '21:00:00', 0, '年假', '2017-01-06 13:42:17'),
(630, 7, '2017-02-03', '10:00:00', '21:00:00', 0, '年假', '2017-01-06 13:42:34'),
(631, 6, '2017-01-26', '10:00:00', '21:00:00', 0, '年假', '2017-01-06 13:46:07'),
(632, 6, '2017-01-27', '10:00:00', '21:00:00', 0, '年假', '2017-01-06 13:46:29'),
(633, 6, '2017-01-28', '10:00:00', '21:00:00', 0, '年假', '2017-01-06 13:46:53'),
(634, 6, '2017-01-29', '10:00:00', '21:00:00', 0, '年假', '2017-01-06 13:47:22'),
(635, 6, '2017-01-30', '10:00:00', '21:00:00', 0, '年假', '2017-01-06 13:47:45'),
(636, 6, '2017-01-31', '10:00:00', '21:00:00', 0, '年假', '2017-01-06 13:48:05'),
(637, 6, '2017-02-01', '10:00:00', '21:00:00', 0, '年假', '2017-01-06 13:48:36'),
(638, 6, '2017-02-02', '10:00:00', '21:00:00', 0, '年假', '2017-01-06 13:49:00'),
(639, 6, '2017-02-03', '10:00:00', '21:00:00', 0, '年假', '2017-01-06 13:49:19'),
(640, 7, '2017-01-25', '10:00:00', '21:00:00', 1, '休元旦', '2017-01-06 16:30:14'),
(641, 6, '2017-01-08', '15:30:00', '07:00:00', 1, '顾贵燕三个项目', '2017-01-07 21:56:58'),
(642, 6, '2017-01-08', '15:30:00', '19:00:00', 0, '顾桂燕三个项目', '2017-01-07 21:58:19'),
(643, 6, '2017-01-08', '15:30:00', '07:00:00', 0, '顾贵燕三个项目', '2017-01-08 17:26:59'),
(644, 7, '2017-01-24', '10:00:00', '21:00:00', 1, '19号调休', '2017-01-12 18:23:45'),
(645, 7, '2017-02-04', '10:00:00', '21:00:00', 0, '12.19调休', '2017-01-16 18:29:17'),
(646, 7, '2017-01-18', '14:30:00', '15:30:00', 0, '倪丽三焦', '2017-01-17 17:50:21'),
(647, 6, '2017-01-25', '19:00:00', '21:00:00', 0, '早班', '2017-01-18 12:16:56'),
(648, 6, '2017-01-21', '14:00:00', '17:00:00', 1, '顾桂燕', '2017-01-18 17:10:48'),
(649, 7, '2017-02-05', '14:00:00', '16:30:00', 1, '郁萍萍脱毛加黑脸娃娃', '2017-01-19 10:41:41'),
(650, 9, '2017-01-21', '16:00:00', '17:30:00', 1, '孙艳', '2017-01-21 10:15:03'),
(651, 9, '2017-01-23', '10:00:00', '21:00:00', 1, '手受伤', '2017-01-22 12:59:58'),
(652, 9, '2017-01-25', '10:00:00', '21:00:00', 1, '手受伤', '2017-01-22 13:00:34'),
(653, 9, '2017-02-06', '14:00:00', '14:30:00', 1, '吴奇', '2017-01-22 13:17:19'),
(654, 9, '2017-01-22', '15:00:00', '21:00:00', 1, '手受伤', '2017-01-22 14:48:12'),
(655, 7, '2017-01-23', '19:00:00', '21:00:00', 0, '早班', '2017-01-22 15:54:13'),
(656, 7, '2017-01-23', '17:00:00', '19:00:00', 1, '早上加班', '2017-01-23 12:24:10'),
(657, 7, '2017-01-23', '15:00:00', '19:00:00', 0, '早班加班', '2017-01-23 13:26:08'),
(658, 7, '2017-02-10', '10:00:00', '21:00:00', 0, '外出学习', '2017-02-06 17:54:51'),
(659, 7, '2017-02-11', '10:00:00', '21:00:00', 0, '外出学习', '2017-02-06 17:55:27'),
(660, 7, '2017-02-12', '10:00:00', '21:00:00', 0, '外出学习', '2017-02-06 17:55:53'),
(661, 7, '2017-02-13', '10:00:00', '21:00:00', 0, '外出学习', '2017-02-06 17:56:24'),
(662, 7, '2017-02-14', '10:00:00', '21:00:00', 0, '外出学习', '2017-02-06 17:56:52'),
(663, 7, '2017-02-15', '10:00:00', '21:00:00', 0, '外出学习', '2017-02-06 17:57:18'),
(664, 7, '2017-02-17', '10:00:00', '21:00:00', 0, '外出学习', '2017-02-06 17:57:48'),
(665, 6, '2017-02-07', '12:00:00', '13:00:00', 0, '钱樱', '2017-02-06 20:51:41'),
(666, 9, '2017-02-08', '12:30:00', '14:00:00', 0, '培训鑫茂', '2017-02-07 16:37:29'),
(667, 7, '2017-02-08', '12:30:00', '14:00:00', 0, '培训鑫茂', '2017-02-07 16:37:51'),
(668, 6, '2017-02-08', '12:30:00', '13:00:00', 0, '培训鑫茂', '2017-02-07 16:38:23'),
(669, 9, '2017-02-11', '10:00:00', '12:00:00', 1, '许香兰晚到', '2017-02-11 10:36:34'),
(670, 9, '2017-02-13', '10:00:00', '10:30:00', 1, '中班', '2017-02-12 18:07:53'),
(671, 6, '2017-02-14', '10:00:00', '10:30:00', 0, '中班', '2017-02-13 11:24:02'),
(672, 9, '2017-02-15', '19:00:00', '20:30:00', 0, '黄晶', '2017-02-14 17:13:24'),
(673, 6, '2017-02-21', '10:00:00', '11:30:00', 0, '培训', '2017-02-16 11:09:05'),
(674, 9, '2017-02-22', '13:00:00', '14:00:00', 0, '水光', '2017-02-21 11:33:27'),
(675, 7, '2017-02-22', '13:00:00', '14:00:00', 0, '水光', '2017-02-21 11:33:45'),
(676, 6, '2017-02-22', '13:00:00', '14:00:00', 0, '水光', '2017-02-21 11:34:04'),
(677, 6, '2017-02-23', '12:00:00', '18:00:00', 0, '请假', '2017-02-21 11:40:27'),
(678, 9, '2017-02-22', '20:30:00', '21:00:00', 1, '中班', '2017-02-22 20:22:56'),
(679, 6, '2017-02-23', '20:30:00', '21:00:00', 0, '请假', '2017-02-23 18:46:28'),
(680, 7, '2017-02-24', '16:30:00', '18:30:00', 1, '倪丽', '2017-02-24 11:17:59'),
(681, 7, '2017-02-24', '12:00:00', '13:00:00', 0, '杨忻', '2017-02-24 11:51:06'),
(682, 9, '2017-02-26', '12:00:00', '12:30:00', 1, '孙艳', '2017-02-24 12:46:33'),
(683, 9, '2017-02-26', '19:00:00', '21:00:00', 1, '早班', '2017-02-26 18:40:57'),
(684, 7, '2017-02-27', '12:00:00', '14:00:00', 0, '张雯雯', '2017-02-27 08:43:50'),
(685, 7, '2017-02-27', '12:00:00', '14:00:00', 0, '张雯雯', '2017-02-27 08:44:06'),
(686, 9, '2017-03-02', '10:30:00', '11:00:00', 0, '黄晨晚到', '2017-03-02 10:41:28'),
(687, 7, '2017-03-08', '13:00:00', '14:00:00', 0, '培训', '2017-03-03 12:31:04'),
(688, 9, '2017-03-08', '13:00:00', '13:30:00', 0, '培训', '2017-03-03 12:31:51'),
(689, 6, '2017-03-08', '13:00:00', '14:00:00', 0, '培训', '2017-03-03 12:32:33'),
(690, 12, '2017-03-08', '13:00:00', '13:30:00', 0, '培训', '2017-03-03 12:34:23'),
(691, 10, '2017-03-08', '13:00:00', '13:30:00', 0, '培训', '2017-03-03 12:34:44'),
(692, 7, '2017-03-05', '10:00:00', '11:00:00', 0, '陈脉拨', '2017-03-04 12:35:45'),
(693, 9, '2017-03-06', '18:30:00', '19:00:00', 1, '肖晶晶', '2017-03-05 15:48:48'),
(694, 7, '2017-03-10', '18:30:00', '19:00:00', 0, '冯梅', '2017-03-07 13:51:14'),
(695, 12, '2017-03-15', '10:00:00', '21:00:00', 0, '培训', '2017-03-07 15:12:12'),
(696, 12, '2017-03-16', '10:00:00', '21:00:00', 0, '培训', '2017-03-07 15:12:55'),
(697, 12, '2017-03-17', '10:00:00', '21:00:00', 0, '培训', '2017-03-07 15:13:38'),
(698, 10, '2017-03-15', '09:30:00', '21:00:00', 0, '培训', '2017-03-07 15:13:59'),
(699, 10, '2017-03-16', '10:00:00', '21:00:00', 0, '培训', '2017-03-07 15:14:17'),
(700, 10, '2017-03-17', '10:00:00', '21:00:00', 0, '培训', '2017-03-07 15:14:36'),
(701, 7, '2017-03-07', '19:00:00', '19:30:00', 0, '樊毅文推迟', '2017-03-07 17:39:11'),
(702, 9, '2017-03-09', '11:00:00', '12:30:00', 1, '吴碟', '2017-03-08 11:35:44'),
(703, 10, '2017-03-08', '14:00:00', '15:30:00', 0, '渗压', '2017-03-08 12:55:38'),
(704, 6, '2017-03-08', '15:00:00', '17:00:00', 0, '杨忻老公', '2017-03-08 15:10:34'),
(705, 9, '2017-03-10', '02:00:00', '02:30:00', 1, '秦雅菁', '2017-03-09 10:59:31'),
(706, 9, '2017-03-10', '14:00:00', '14:30:00', 1, '秦雅菁', '2017-03-09 11:03:17'),
(707, 9, '2017-03-10', '19:00:00', '20:30:00', 1, '张雯雯面部脉拨', '2017-03-10 09:53:54'),
(708, 9, '2017-03-11', '16:00:00', '17:30:00', 1, '李倩源', '2017-03-11 13:46:45'),
(709, 9, '2017-03-11', '15:00:00', '15:30:00', 1, '彭庆娥', '2017-03-11 14:45:03'),
(710, 9, '2017-03-12', '15:30:00', '16:30:00', 1, '黄艺君', '2017-03-12 11:58:44'),
(711, 9, '2017-03-12', '16:00:00', '18:00:00', 1, '黄艺君', '2017-03-12 16:16:00'),
(712, 6, '2017-03-14', '17:00:00', '19:30:00', 0, '顾桂燕', '2017-03-14 10:25:40'),
(713, 9, '2017-03-20', '14:00:00', '14:30:00', 1, '慢慢', '2017-03-20 13:03:26'),
(714, 7, '2017-03-21', '16:00:00', '17:00:00', 0, '朱炎亭', '2017-03-21 09:05:19'),
(715, 10, '2017-03-22', '15:30:00', '17:00:00', 0, '培训', '2017-03-22 15:29:57'),
(716, 9, '2017-03-22', '15:30:00', '17:00:00', 0, '培训', '2017-03-22 15:30:19'),
(717, 7, '2017-03-22', '15:30:00', '17:00:00', 0, '培训', '2017-03-22 15:30:41'),
(718, 6, '2017-03-22', '15:30:00', '17:00:00', 0, '培训', '2017-03-22 15:31:00'),
(719, 12, '2017-03-24', '09:00:00', '21:00:00', 0, '请假', '2017-03-23 21:42:58'),
(720, 7, '2017-03-24', '20:00:00', '21:00:00', 0, '谢丽华', '2017-03-24 10:53:28'),
(721, 10, '2017-03-29', '15:00:00', '17:00:00', 0, '圣慧培训', '2017-03-24 11:12:56'),
(722, 9, '2017-03-29', '15:00:00', '17:00:00', 0, '培训', '2017-03-24 11:13:36'),
(723, 7, '2017-03-29', '15:00:00', '17:00:00', 0, '培训', '2017-03-24 11:13:55'),
(724, 6, '2017-03-29', '15:00:00', '17:00:00', 0, '培训', '2017-03-24 11:14:17'),
(725, 7, '2017-04-04', '10:00:00', '21:00:00', 0, '清明休', '2017-03-24 15:19:37'),
(726, 7, '2017-04-05', '10:00:00', '21:00:00', 0, '清明', '2017-03-24 15:20:14'),
(727, 7, '2017-03-25', '12:00:00', '12:30:00', 1, '许香兰', '2017-03-24 15:54:26'),
(728, 7, '2017-03-25', '12:00:00', '12:30:00', 0, '许香兰', '2017-03-24 16:14:45'),
(729, 12, '2017-03-26', '10:00:00', '11:30:00', 1, '何婷', '2017-03-25 17:35:02'),
(730, 12, '2017-03-26', '10:00:00', '11:00:00', 0, '何婷', '2017-03-25 17:35:49'),
(731, 7, '2017-03-26', '14:00:00', '15:00:00', 0, '肖晶晶', '2017-03-26 11:47:44'),
(732, 9, '2017-03-26', '13:30:00', '15:00:00', 1, '周莺', '2017-03-26 12:16:25'),
(733, 12, '2017-03-26', '18:00:00', '18:30:00', 1, '还时', '2017-03-26 17:30:50'),
(734, 12, '2017-03-26', '18:00:00', '19:00:00', 0, '还时', '2017-03-26 17:31:25'),
(735, 10, '2017-04-03', '10:00:00', '21:00:00', 0, '清明节', '2017-03-26 17:35:04'),
(736, 12, '2017-04-06', '10:00:00', '21:00:00', 0, '清明节', '2017-03-26 17:36:16'),
(737, 6, '2017-03-26', '19:00:00', '21:00:00', 0, '还时', '2017-03-26 18:54:03'),
(738, 9, '2017-03-29', '13:30:00', '14:00:00', 1, '杨忻', '2017-03-29 13:12:23'),
(739, 7, '2017-04-01', '17:30:00', '19:00:00', 0, '加班早走', '2017-03-31 11:36:16'),
(740, 6, '2017-04-04', '19:00:00', '19:30:00', 0, '常莉', '2017-04-04 17:47:36'),
(741, 9, '2017-04-05', '20:30:00', '21:00:00', 1, '还时', '2017-04-05 20:10:11'),
(742, 9, '2017-04-12', '10:00:00', '21:00:00', 0, '春游', '2017-04-07 13:08:40'),
(743, 7, '2017-04-12', '10:00:00', '21:00:00', 0, '春游', '2017-04-07 13:09:06'),
(744, 6, '2017-04-12', '10:00:00', '21:00:00', 0, '春游', '2017-04-07 13:09:30'),
(745, 9, '2017-04-08', '13:00:00', '14:30:00', 1, '许香兰', '2017-04-07 15:47:23'),
(746, 7, '2017-04-11', '12:00:00', '15:00:00', 0, 'echo', '2017-04-10 21:17:05'),
(747, 9, '2017-04-17', '12:00:00', '18:00:00', 0, '明明佳佳', '2017-04-14 15:13:19'),
(748, 9, '2017-04-19', '18:00:00', '18:30:00', 1, '于晓春', '2017-04-19 17:27:50'),
(749, 9, '2017-04-20', '17:30:00', '18:30:00', 0, '唐歆晚到', '2017-04-20 17:04:27'),
(750, 9, '2017-04-21', '18:30:00', '19:30:00', 1, '张雯', '2017-04-21 11:26:31'),
(751, 7, '2017-04-23', '18:00:00', '19:00:00', 1, '9点上班', '2017-04-21 13:22:11'),
(752, 9, '2017-05-10', '13:00:00', '15:00:00', 0, '培训', '2017-04-21 14:04:41'),
(753, 7, '2017-05-10', '13:00:00', '15:00:00', 0, '鑫茂培训', '2017-04-21 14:05:10'),
(754, 6, '2017-05-10', '13:00:00', '15:00:00', 0, '培训鑫茂', '2017-04-21 14:06:03'),
(755, 7, '2017-05-03', '10:00:00', '21:00:00', 0, '5.1', '2017-04-23 12:25:48'),
(756, 6, '2017-04-29', '10:00:00', '21:00:00', 0, '调休', '2017-04-23 12:26:27'),
(757, 6, '2017-04-30', '10:00:00', '21:00:00', 0, '五一', '2017-04-23 12:27:03'),
(758, 6, '2017-05-01', '10:00:00', '21:00:00', 0, '休息', '2017-04-23 12:27:40'),
(759, 6, '2017-04-23', '19:00:00', '21:00:00', 0, '早班', '2017-04-23 16:53:49'),
(760, 7, '2017-04-26', '17:30:00', '19:00:00', 1, '周二加班3小时', '2017-04-24 19:37:24'),
(761, 9, '2017-04-29', '10:00:00', '12:00:00', 1, '晚班', '2017-04-27 12:27:02'),
(762, 9, '2017-04-28', '18:30:00', '19:30:00', 1, '张雯', '2017-04-27 17:29:40'),
(763, 9, '2017-04-29', '10:00:00', '11:30:00', 1, '晚班', '2017-04-27 17:30:24'),
(764, 7, '2017-04-30', '16:30:00', '19:00:00', 1, '请假', '2017-04-28 11:41:28'),
(765, 9, '2017-04-28', '20:30:00', '21:00:00', 1, '还时', '2017-04-28 20:23:01'),
(766, 7, '2017-05-01', '18:00:00', '18:30:00', 0, '朱宏宇提前', '2017-05-01 17:36:15'),
(767, 9, '2017-05-03', '20:00:00', '21:00:00', 1, '11点班', '2017-05-02 16:41:11'),
(768, 9, '2017-05-06', '18:00:00', '18:30:00', 1, '朱清源', '2017-05-05 09:54:52'),
(769, 9, '2017-05-06', '17:00:00', '17:30:00', 1, '许香兰', '2017-05-05 16:14:24'),
(770, 7, '2017-05-06', '10:00:00', '11:00:00', 0, '谢丽华理疗', '2017-05-06 09:21:26'),
(771, 7, '2017-05-07', '18:00:00', '19:00:00', 0, '9点上班', '2017-05-06 16:05:57'),
(772, 9, '2017-05-24', '10:00:00', '21:00:00', 1, '调休', '2017-05-10 17:27:12'),
(773, 6, '2017-05-12', '10:00:00', '11:30:00', 0, '晚班', '2017-05-11 17:46:19'),
(774, 7, '2017-05-31', '10:00:00', '21:00:00', 1, '端午', '2017-05-14 11:34:36'),
(775, 7, '2017-06-02', '10:00:00', '21:00:00', 1, '调休小爽', '2017-05-14 11:35:09'),
(776, 7, '2017-06-03', '10:00:00', '21:00:00', 1, '年假', '2017-05-14 11:35:38'),
(777, 9, '2017-05-26', '12:30:00', '13:30:00', 1, '林玉燕', '2017-05-14 12:53:43'),
(778, 6, '2017-05-26', '12:30:00', '13:30:00', 0, '梁静', '2017-05-14 12:54:20'),
(779, 7, '2017-05-17', '04:00:00', '07:00:00', 1, '周二周三加班', '2017-05-16 18:51:55'),
(780, 7, '2017-05-17', '15:30:00', '18:30:00', 0, '周二周三加班', '2017-05-16 18:53:28'),
(781, 9, '2017-05-20', '16:30:00', '17:00:00', 1, '于晓春', '2017-05-20 14:32:31'),
(782, 6, '2017-05-22', '15:30:00', '16:30:00', 0, '培训', '2017-05-21 11:49:33'),
(783, 7, '2017-05-22', '15:30:00', '16:30:00', 0, '培训', '2017-05-21 11:50:12'),
(784, 7, '2017-05-25', '15:30:00', '17:00:00', 0, '培训', '2017-05-23 19:10:49'),
(785, 6, '2017-05-25', '15:30:00', '17:00:00', 0, '培训', '2017-05-23 19:11:20'),
(786, 6, '2017-05-25', '15:30:00', '17:00:00', 0, '培训', '2017-05-23 19:11:25'),
(787, 6, '2017-05-25', '15:30:00', '17:00:00', 0, '培训', '2017-05-23 19:11:28'),
(788, 7, '2017-05-25', '15:30:00', '19:00:00', 0, '培训', '2017-05-25 10:21:21'),
(789, 7, '2017-05-31', '17:30:00', '19:00:00', 0, 'echo加班2小时', '2017-05-29 13:28:48'),
(790, 7, '2017-05-30', '14:30:00', '15:30:00', 0, '谢丽华', '2017-05-30 13:15:35'),
(791, 7, '2017-06-07', '10:00:00', '21:00:00', 0, '调休', '2017-06-01 16:22:55'),
(792, 7, '2017-06-09', '10:00:00', '21:00:00', 0, '调休', '2017-06-01 16:23:16'),
(793, 7, '2017-06-10', '10:00:00', '21:30:00', 0, '调休', '2017-06-01 16:23:35'),
(794, 7, '2017-06-11', '10:00:00', '21:00:00', 0, '五一休', '2017-06-02 12:40:04'),
(795, 9, '2017-06-08', '13:30:00', '14:00:00', 1, '柯明', '2017-06-05 20:18:37'),
(796, 6, '2017-06-08', '12:30:00', '14:30:00', 0, '张春莲lg', '2017-06-08 12:54:11'),
(797, 9, '2017-06-09', '19:30:00', '22:00:00', 0, '加班韩淑娟', '2017-06-09 19:30:14'),
(798, 9, '2017-06-10', '12:00:00', '13:00:00', 1, '还时', '2017-06-09 21:20:06'),
(799, 9, '2017-06-12', '11:00:00', '11:30:00', 1, '张春莲', '2017-06-11 16:52:32'),
(800, 9, '2017-06-16', '16:30:00', '17:30:00', 1, '王敏', '2017-06-16 15:41:23'),
(801, 7, '2017-06-16', '16:30:00', '17:30:00', 0, '王敏', '2017-06-16 15:41:38'),
(802, 6, '2017-06-16', '16:30:00', '17:00:00', 0, '王敏', '2017-06-16 15:41:55'),
(803, 9, '2017-06-17', '16:30:00', '17:00:00', 1, '程澍', '2017-06-16 20:38:01'),
(804, 9, '2017-06-17', '16:30:00', '17:30:00', 1, '程澍', '2017-06-17 14:39:44'),
(805, 9, '2017-06-22', '12:00:00', '13:00:00', 1, '张春莲', '2017-06-17 14:42:27'),
(806, 9, '2017-06-21', '10:00:00', '21:00:00', 0, '休五一假', '2017-06-18 18:12:39'),
(807, 6, '2017-06-21', '11:30:00', '12:30:00', 0, '吴碟', '2017-06-18 21:03:06'),
(808, 6, '2017-06-23', '16:30:00', '19:00:00', 0, '顾桂燕', '2017-06-23 16:31:18'),
(809, 9, '2017-06-26', '18:00:00', '19:00:00', 1, '还时间', '2017-06-26 17:39:54'),
(810, 9, '2017-06-30', '19:00:00', '21:00:00', 0, '黄艺君晚到', '2017-06-30 19:00:03'),
(811, 9, '2017-07-12', '10:00:00', '21:00:00', 0, '端午休', '2017-07-05 15:45:33'),
(812, 9, '2017-07-08', '15:30:00', '17:30:00', 0, '程澍', '2017-07-08 11:53:08'),
(813, 7, '2017-07-21', '10:00:00', '21:00:00', 0, '调休', '2017-07-14 11:51:08'),
(814, 7, '2017-07-16', '14:00:00', '16:00:00', 0, '常莉', '2017-07-14 16:59:50'),
(815, 7, '2017-07-16', '10:00:00', '11:30:00', 0, '张宇', '2017-07-15 15:55:38'),
(816, 7, '2017-07-16', '18:00:00', '19:00:00', 0, '加班换休', '2017-07-16 09:57:46'),
(817, 7, '2017-07-18', '10:00:00', '21:00:00', 0, '培训', '2017-07-17 18:05:18'),
(818, 9, '2017-07-18', '12:00:00', '13:00:00', 1, '加班还时间', '2017-07-17 18:55:17'),
(819, 9, '2017-07-18', '12:00:00', '12:30:00', 1, '加班还时', '2017-07-17 18:56:15'),
(820, 9, '2017-07-24', '17:00:00', '17:30:00', 1, '岳婷', '2017-07-21 20:31:41'),
(821, 7, '2017-07-25', '17:00:00', '18:00:00', 0, '胡倩脱毛', '2017-07-25 12:32:28'),
(822, 7, '2017-08-02', '10:00:00', '21:00:00', 1, '年休', '2017-07-26 11:10:43'),
(823, 7, '2017-08-04', '10:00:00', '21:00:00', 1, '调休', '2017-07-26 11:11:10'),
(824, 9, '2017-08-06', '09:00:00', '21:00:00', 1, '请假', '2017-07-26 12:18:17'),
(825, 9, '2017-08-07', '09:00:00', '21:00:00', 1, '请假', '2017-07-26 12:18:59'),
(826, 9, '2017-08-09', '09:00:00', '21:00:00', 1, '请假', '2017-07-26 12:19:26'),
(827, 7, '2017-08-05', '10:00:00', '21:00:00', 0, '年假', '2017-07-26 12:30:26'),
(828, 7, '2017-08-04', '09:00:00', '21:00:00', 0, '年假', '2017-07-26 12:31:31'),
(829, 6, '2017-08-05', '19:30:00', '21:00:00', 1, '早班', '2017-07-26 15:56:19'),
(830, 7, '2017-07-29', '17:30:00', '19:00:00', 0, '加班邸', '2017-07-26 18:22:57'),
(831, 9, '2017-07-26', '20:00:00', '21:00:00', 1, '加班还时间', '2017-07-26 18:45:39'),
(832, 9, '2017-07-27', '18:00:00', '18:30:00', 1, '加班还时', '2017-07-27 17:46:19'),
(833, 9, '2017-08-06', '10:00:00', '21:00:00', 0, '请假', '2017-07-30 09:52:48'),
(834, 9, '2017-08-07', '10:00:00', '21:00:00', 0, '请假', '2017-07-30 09:53:30'),
(835, 9, '2017-08-08', '10:00:00', '21:00:00', 1, '请假', '2017-07-30 09:53:58'),
(836, 9, '2017-08-09', '10:00:00', '21:00:00', 0, '请假', '2017-07-30 09:54:55'),
(837, 9, '2017-07-30', '20:00:00', '21:00:00', 0, '还时间', '2017-07-30 20:11:14'),
(838, 7, '2017-08-01', '13:30:00', '14:30:00', 0, '朱妍庭', '2017-08-01 13:24:15'),
(839, 6, '2017-08-11', '09:30:00', '10:30:00', 0, '调休', '2017-08-10 15:58:31'),
(840, 6, '2017-09-01', '09:00:00', '21:30:00', 0, '年假', '2017-08-16 14:58:58'),
(841, 6, '2017-09-02', '10:00:00', '21:00:00', 0, '年假', '2017-08-16 15:00:02'),
(842, 6, '2017-09-03', '10:00:00', '21:00:00', 0, '年假', '2017-08-16 15:00:28'),
(843, 6, '2017-09-05', '10:00:00', '21:00:00', 0, '年假', '2017-08-16 15:01:03'),
(844, 6, '2017-09-06', '10:00:00', '21:00:00', 0, '年假', '2017-08-16 15:01:33'),
(845, 7, '2017-08-27', '10:00:00', '12:30:00', 0, '秦燕', '2017-08-24 13:15:03'),
(846, 7, '2017-08-30', '13:00:00', '16:00:00', 0, '张', '2017-08-29 12:44:34'),
(847, 6, '2017-08-30', '13:00:00', '16:00:00', 0, '黄芳', '2017-08-29 12:44:53'),
(848, 7, '2017-09-02', '10:00:00', '11:30:00', 0, '许香兰', '2017-09-01 11:38:55'),
(849, 7, '2017-09-03', '13:00:00', '15:00:00', 0, '马佳佳', '2017-09-01 11:45:39'),
(850, 6, '2017-09-10', '16:00:00', '17:00:00', 0, '黄素洁', '2017-09-03 17:08:48'),
(851, 7, '2017-09-10', '16:00:00', '17:00:00', 0, '黄素洁', '2017-09-03 17:09:24'),
(852, 7, '2017-09-15', '10:00:00', '21:00:00', 0, '换休', '2017-09-08 12:14:37'),
(853, 7, '2017-09-10', '17:00:00', '19:00:00', 0, '加班提前下班', '2017-09-09 16:51:12');

-- --------------------------------------------------------

--
-- 表的结构 `category`
--

CREATE TABLE `category` (
  `category_id` int(11) UNSIGNED NOT NULL,
  `category_name` varchar(100) NOT NULL COMMENT '分类名称',
  `order_sort` int(10) UNSIGNED NOT NULL DEFAULT '0' COMMENT '分类排序',
  `disabled` tinyint(1) UNSIGNED NOT NULL DEFAULT '0',
  `create_time` datetime NOT NULL COMMENT '创建时间'
) ENGINE=InnoDB DEFAULT CHARSET=utf8 COMMENT='项目分类表';

-- --------------------------------------------------------

--
-- 表的结构 `customer`
--

CREATE TABLE `customer` (
  `customer_id` bigint(11) UNSIGNED NOT NULL,
  `open_id` varchar(255) NOT NULL,
  `nick_name` varchar(50) DEFAULT NULL,
  `beautician_id` bigint(20) DEFAULT NULL,
  `avatar` varchar(500) DEFAULT NULL,
  `city` varchar(100) DEFAULT NULL,
  `province` varchar(100) DEFAULT NULL,
  `sex` tinyint(1) UNSIGNED DEFAULT NULL COMMENT '用户的性别，值为1时是男性，值为2时是女性，值为0时是未知',
  `phone` char(13) DEFAULT NULL,
  `type` tinyint(1) UNSIGNED NOT NULL DEFAULT '1' COMMENT '1 客户 2 前台 3 技师',
  `credits` bigint(11) UNSIGNED NOT NULL COMMENT '积分',
  `shop_id` bigint(20) DEFAULT NULL COMMENT '店铺id',
  `disabled` tinyint(1) UNSIGNED DEFAULT '0',
  `created_time` datetime DEFAULT NULL,
  `updated_time` datetime DEFAULT NULL
) ENGINE=InnoDB DEFAULT CHARSET=utf8;

--
-- 转存表中的数据 `customer`
--

INSERT INTO `customer` (`customer_id`, `open_id`, `nick_name`, `beautician_id`, `avatar`, `city`, `province`, `sex`, `phone`, `type`, `credits`, `shop_id`, `disabled`, `created_time`, `updated_time`) VALUES
(8, 'o9eUKjxtDwgwXrpzZ_x792kvNr1k', '孙永', NULL, 'http://thirdwx.qlogo.cn/mmopen/ajNVdqHZLLDEQrVu8fkhEhsCHuiaj3HAw59jKn83qbUiaudJamjy31ZscO8mMVjrvpd0wy1JE765p6Gic5cVNanXw/132', '闵行', '上海', 1, '18616755873', 1, 0, NULL, 0, NULL, '2018-03-17 20:23:13'),
(13, 'o9eUKjytwJmgs6LA7mhIn3YQ7FY4', '郭浩', NULL, 'http://thirdwx.qlogo.cn/mmopen/O1dAhMERUwVDhzEo4bLxhNNopXMjIBA1Yia0PhRjtQ7WawuiaYFauKxR0P0wVu2K1YOTrvkp04ic15dZl1RPurB6WZvvZ4E7eLl/132', '', '上海', 1, '13524286564', 1, 0, NULL, 0, NULL, '2018-03-21 10:56:00'),
(14, 'o9eUKjxtDwgwXrpzZ_x792kvNr1k', NULL, 0, NULL, NULL, NULL, NULL, '18616755873', 1, 0, NULL, 0, NULL, NULL),
(15, 'o9eUKjxtDwgwXrpzZ_x792kvNr1k', NULL, 12, NULL, NULL, NULL, NULL, '18616755873', 1, 0, NULL, 0, NULL, NULL),
(16, 'o9eUKj9JEH-UX2gZYFJDCoBGb188', '诗梵妮(精油SPA 盲人按摩)', NULL, 'http://thirdwx.qlogo.cn/mmopen/IAonQoLvpopg1yE7pQPpY9ymFeIQod6Fp6tgVY8hGwOTVTKZxwQ3LibSLq0w60XFvtYELjY11KXicu87upO4vXxbjjyCCfNmF7/132', '', '', 2, '18516071503', 1, 0, NULL, 0, NULL, '2018-03-21 14:37:35'),
(22, 'o9eUKjwY_AGy1wYRpOCWmpvbPof0', NULL, NULL, NULL, NULL, NULL, NULL, '13524286564', 1, 0, NULL, 0, NULL, '2018-03-21 15:16:26'),
(23, 'o9eUKj0-2P-Y8OSuUTJ5CWyXRpDM', 'mary', NULL, 'http://thirdwx.qlogo.cn/mmopen/IAonQoLvpoqItPiauoEC4M48magdXiaMiaMeyBZlLCwq4iaAMFZujGzHceVVUTAV5LJIXqg7khDvjibx9fZwTAvsv7lUJKDxBu48O/132', '', '', 2, '18234942436', 1, 0, NULL, 0, NULL, '2018-03-21 15:18:54'),
(24, 'o9eUKj9JEH-UX2gZYFJDCoBGb188', NULL, 12, NULL, NULL, NULL, NULL, '18516071503', 1, 0, NULL, 0, NULL, NULL),
(25, 'o9eUKjxtDwgwXrpzZ_x792kvNr1k', NULL, 0, NULL, NULL, NULL, NULL, '18616755873', 2, 0, NULL, 0, NULL, NULL),
(26, 'o9eUKjwwX8erO0iD8YNTOabtINnw', 'Wan   an', NULL, 'http://thirdwx.qlogo.cn/mmopen/O1dAhMERUwXwgh0EZzmpP88v0DUyb2gw8j5rnLiaPLq5wcdkpicmok63yVk7jhgjDS1KA9VXXibjxyxXQEN8VM1ZJS9qTPzuux9/132', '', '', 2, '18322960087', 1, 0, NULL, 0, NULL, '2018-03-21 15:38:22'),
(27, 'o9eUKj5EP3rCKYMMZMxOnQlZqHAc', '晶澜项目总监', NULL, 'http://thirdwx.qlogo.cn/mmopen/6OV0JrY6ziaEzNAGA31ckGS8D5ZdZrOrBf8PaIJU6ATHkibb92NpTibwgs5YNFF2wB6YocYibYHU1O97tG0MUMhblC7D1H96NRCg/132', '', '', 2, NULL, 1, 0, NULL, 0, NULL, '2018-03-21 20:57:19'),
(28, 'o9eUKj1qGCsq4Fh1JfoXALHYk9EI', '菁菁', NULL, 'http://thirdwx.qlogo.cn/mmopen/7m7NmhoibiazzlNoehhe5d1yYvEsnQZEjOz1ibIQjsiaowAoOu8XB4faVKISiaTQqo3icEDogpqZwYwaHdveCXRBqOhawMxUxSdc3C/132', '徐汇', '上海', 2, '15216639185', 1, 0, NULL, 0, NULL, '2018-03-23 21:00:33'),
(29, 'o9eUKj8LK8aysGI5gATPSCpZjK_8', '常常Nancy', NULL, 'http://thirdwx.qlogo.cn/mmopen/IAonQoLvpopg1yE7pQPpYxs5dtMW0YiaTj09icggbyg2rzbxPnXL8icibCYxwFCgfwUndfibjfVxVIU14JHvTojUgChA4NEJwsDUP/132', '', '', 2, '13323837156', 1, 0, NULL, 0, NULL, '2018-03-23 21:07:07'),
(30, 'o9eUKj0RLMj1qo7jCOC_6NvxyEME', 'L&L', NULL, 'http://thirdwx.qlogo.cn/mmopen/7m7NmhoibiazzlNoehhe5d1yXKniaIzkVLfp5Fe1mLT0dagJ1A3o6Q4oBOpgYBnGkvVtBcic5BPXSmicLkxpNOPdNoIn0Z95kY5Wu/132', '', '', 2, NULL, 1, 0, NULL, 0, NULL, '2018-03-23 21:07:24'),
(31, 'o9eUKj0m2iJNDMFdVHxbpG9Vbw9w', '郭维学', NULL, 'http://thirdwx.qlogo.cn/mmopen/ajNVdqHZLLBNnTFOU59r3wsI5P7SPvJibmFwkotQfpTHTS4dY9uEh4PVJ73w4yyU9TGicbTRT6WruNXK46VuKRDg/132', '浦东新区', '上海', 1, NULL, 1, 0, NULL, 0, NULL, '2018-03-23 21:14:23'),
(32, 'o9eUKjzqM6Owh4LqPYCRjwR98r0Q', 'chenjuan', NULL, 'http://thirdwx.qlogo.cn/mmopen/O1dAhMERUwVDhzEo4bLxhFgeqMcO3jBwXB0Txtb91gmic9MFEec1wnxDqZNK1gTkhonUD2X2SPibGt43VgN5EYcUicKb5QheXk9/132', '', '上海', 2, NULL, 1, 0, NULL, 0, NULL, '2018-03-24 05:55:11'),
(33, 'o9eUKj4wVjd40gVl8UWsoFNYDiBo', '永恒', NULL, '', '哈尔滨', '黑龙江', 1, NULL, 1, 0, NULL, 0, NULL, '2018-03-24 11:34:08'),
(34, 'o9eUKj4wwHIxX86NdjAZ6hXbaahs', '报春路克丽缇娜（专业美容养生）', NULL, 'http://thirdwx.qlogo.cn/mmopen/qyeC3ibUKgMK84z82nRGZzv3vyhJrJThFnGvvsPlOhZfzkUZqfTvqcC5h0xxGC5POtZGibmSWzKbMem5NqzZWupMoMLj56Vy4H/132', '闵行', '上海', 2, '18602159021', 1, 0, NULL, 0, NULL, '2018-03-24 13:56:51'),
(35, 'o9eUKj1kJu-GpLFaJc2eVNhvztfw', '美业、精饰（老韩）', NULL, 'http://thirdwx.qlogo.cn/mmopen/7m7Nmhoibiazwr9EeKDF0Wiaejc6oicP8q6w5ZG4HaAwtztwiavpHAvaIdouG3l8w6iadEZWyykl07KnW5YicqPeLxPayUmyssu7QXb/132', '', '', 2, '15021353928', 1, 0, NULL, 0, NULL, '2018-03-24 15:11:11'),
(36, 'o9eUKj7hOiugil7sz5pdcCQmMJFk', '鲜花在前方', NULL, 'http://thirdwx.qlogo.cn/mmopen/IAonQoLvpoqItPiauoEC4M98HUst2t1MPIx5I7yokxUQ904Ql2yHMF9KNr8Njz9QbantZibdxGceHL8vgaMKCNuEB9iaA4ich9ES/132', '', '', 2, NULL, 1, 0, NULL, 0, NULL, '2018-03-24 19:35:30'),
(37, 'o9eUKj6UhIrKPYELC13h8SUDAZYM', '兆光', NULL, 'http://thirdwx.qlogo.cn/mmopen/IAonQoLvpopg1yE7pQPpYxiaE8CKH7S6zDiba68Fe6P2xa0RFqGgwozMLjzd8AHUvxnCMibX1R9rSPniaiaPDia7zfnH5iarbw9Q4Go/132', '杭州', '浙江', 1, '18968049696', 1, 0, NULL, 0, NULL, '2018-03-24 21:36:26'),
(38, 'o9eUKjwJjgCTC2eFexRmWNdO22hg', '美业邦～顾中元', NULL, 'http://thirdwx.qlogo.cn/mmopen/Q3auHgzwzM513T8tUF0JaiaFJb1iamRX3OiaOpiaf8pOGz5Nxp4Eriaiafv0SMAfexb0Pod2cbSLSFsDeOWibNtMic8HkQ/132', '浦东新区', '上海', 1, '18001500430', 1, 0, NULL, 0, NULL, '2018-03-25 11:33:07'),
(39, 'o9eUKj7neaqepLB91vQmYhY0Cyuk', '萨布里娜', NULL, 'http://thirdwx.qlogo.cn/mmopen/qyeC3ibUKgMK84z82nRGZzjJSqnSguYUyBxBSFhV28RV7behiaoibSMtVicEcwpWfblNmgKzU7vA83ckgdOwDwahl2Yg1ibuZAea0/132', '闵行', '上海', 2, NULL, 1, 0, NULL, 0, NULL, '2018-03-25 16:24:51'),
(40, 'o9eUKj5x3hMEU1HcfSswtWLhZkWQ', '阿欢', NULL, 'http://thirdwx.qlogo.cn/mmopen/6OV0JrY6ziaGTez7MOibibyVwjo5Jq2ytSCEyExPAH9aOSByYAx3ZjrJEwiab3sWTPt3rtw8AQnt8DaRtHPF4gFnQyvKtowyibNGr/132', '闵行', '上海', 1, '18017102770', 1, 0, NULL, 0, NULL, '2018-03-26 12:34:26'),
(41, 'o9eUKj74w-VrybPIqPt6YR6qV_pg', '阿杜', NULL, 'http://thirdwx.qlogo.cn/mmopen/6OV0JrY6ziaH82A4d8r5b4znxNQ6Y5hOPMic4fn7gu5MgibBwkec4ic9JgLlFx3NelicN5v4ACptU6iadfCLOdnP3QKQ/132', '', '', 2, '18918162923', 1, 0, NULL, 0, NULL, '2018-03-27 13:52:21'),
(42, 'o9eUKjz9V-f_ver-JwNgN9McYnmY', '张倩', NULL, 'http://thirdwx.qlogo.cn/mmopen/6OV0JrY6ziaGTez7MOibibyV9Y8eOwPhLcDLzqxrM120Ih89z0kyt26X0EbkCqugUI1ib1rGdRgQRicqTtZMfgfWia4nvAviaatCrAP/132', '闵行', '上海', 2, NULL, 1, 0, NULL, 0, NULL, '2018-03-27 18:16:56'),
(43, 'o9eUKj9JEH-UX2gZYFJDCoBGb188', NULL, 12, NULL, NULL, NULL, NULL, '18516071503', 3, 0, NULL, 0, NULL, NULL),
(44, 'o9eUKjyXjFca4Q-d6rZQuCzBdgvw', '王斌', NULL, 'http://thirdwx.qlogo.cn/mmopen/7m7NmhoibiazyLMRyJKjrgWQh6VafiaHia3scUGHXrjdoJOb8Ba4e2euOTftPbk98fV58c2Z2ZicNd26xbhY01W1FrPTy6Pv5lPyt/132', '', '', 0, NULL, 1, 0, NULL, 0, NULL, '2018-03-28 17:50:23'),
(45, 'o9eUKj4qWVv8QSTa6jWYpKK6oKjU', '―――时光', NULL, 'http://thirdwx.qlogo.cn/mmopen/7m7NmhoibiazwJXw6BibODsicPNNZCtddJ9czUFU8pl9YnBxXUfewu2iaCPtwxpgzINYFGBEoz16Ia7dULn0gYlKmCHTVClk1NAJib/132', '', '', 2, '13830914780', 1, 0, NULL, 0, NULL, '2018-03-28 18:17:54'),
(46, 'o9eUKj8_JNWgHBLdTUQ6L0iY1LpA', 'Ringostarr', NULL, 'http://thirdwx.qlogo.cn/mmopen/IAonQoLvpopg1yE7pQPpYic2mHO0eXoIXmibz3l9PKK7zF5klXO4LlUs7ZoQOg0xUS7NicTrPCEcFfvRIkj88QWhhZFlVkibKicIW/132', '嘉定', '上海', 1, '15921986178', 1, 0, NULL, 0, NULL, '2018-03-28 19:03:09'),
(47, 'o9eUKjwfGBtuWVO3HdJm2qjuUdZk', '张浩忠marvin', NULL, 'http://thirdwx.qlogo.cn/mmopen/6OV0JrY6ziaGTez7MOibibyVicRD4AibJ7TJaQFGGFjbtIJR95KnGcE5Ziakb2icwJXx3N7ghmD5SrkpjpPPdbgWdVL83OfEickgegl3/132', '浦东新区', '上海', 1, '15601710039', 1, 0, NULL, 0, NULL, '2018-03-29 13:55:53'),
(48, 'o9eUKj0bY5cXzoUHzaRCWX0b9pt4', '吴湘霞', NULL, 'http://thirdwx.qlogo.cn/mmopen/7m7NmhoibiazzlNoehhe5d13M8HHUcXoGftZx0bhAQBrFZLTtyos2oyiaibW1BvYoCsozXvm6l7GbHKt43Ahoppia83ib2Zib7oWTaib/132', '', '上海', 0, NULL, 1, 0, NULL, 0, NULL, '2018-03-29 15:27:16'),
(49, 'o9eUKj5YxY62PvChe1rnLZhVackY', '。。。。', NULL, 'http://thirdwx.qlogo.cn/mmopen/6OV0JrY6ziaGTez7MOibibyVzmhNG2gRwQnRu7INFcvOv9Y9lH2olZHlic3ibrr8iaYVfbrm8qSN2xtsuiaMicia8qNGuWJazcLJ3QaQv/132', '浦东新区', '上海', 1, '13764445416', 1, 0, NULL, 0, NULL, '2018-03-29 16:46:59'),
(50, 'o9eUKj5wnWS9aVeBvJsWvt51c8-8', 'YU YING', NULL, 'http://thirdwx.qlogo.cn/mmopen/IAonQoLvpopg1yE7pQPpYicLejR6yWiam5Hs3PwibL86sAKxqt6vEmVLjUrpsL4kDGcjPzeTvxGzxfA2YpqDT0c6SHhBvEU4mJo/132', '闵行', '上海', 2, NULL, 1, 0, NULL, 0, NULL, '2018-03-29 19:36:37'),
(51, 'o9eUKjyNkUn8TIGL1n-9Ievp7MRE', '相聚柚时', NULL, 'http://thirdwx.qlogo.cn/mmopen/PiajxSqBRaEJ1RFibAeuWZWB9ia6BtVttT08tybQ0qaTpmaSUjHy53Fib7ymfTddWS9heXHicuKWvib1MhEHZy2WgTcA/132', '景德镇', '江西', 2, '18079821532', 1, 0, NULL, 0, NULL, '2018-03-30 16:49:34'),
(52, 'o9eUKjxY_1vA80IEi9yEORtvrjnE', '无与伦比', NULL, 'http://thirdwx.qlogo.cn/mmopen/IAonQoLvpopg1yE7pQPpY3HYm4eFotyNsBanXkL3pO7l1302jtxYiaqu76O6rbxyptOTIM3z9p1zeJgFkNS4D3PvBbYuZ4poB/132', '', '上海', 2, NULL, 1, 0, NULL, 0, NULL, '2018-03-30 17:04:06'),
(53, 'o9eUKj-QKy87TqhPrw90oBLGLB6o', '蓝色多瑙河', NULL, 'http://thirdwx.qlogo.cn/mmopen/PiajxSqBRaELIicqas42PJ8qicmCxq95HicNAm4RbLXEZR4c7ficj1WEUEATwYF8orrKWUQGFjictjyibnL4YQ0JZJBADTIcMYia6UY8OuiclIIuMflc/132', '闵行', '上海', 2, NULL, 1, 0, NULL, 0, NULL, '2018-03-30 20:50:30'),
(54, 'o9eUKj4eU3Mjq1VDpRdNfvR8Gaf0', '路', NULL, 'http://thirdwx.qlogo.cn/mmopen/bOSM9P4cZ1icqojpFx4zxjqzaEX3mpK3DHZIn1yicvic2keUQgJw2h3hX7ib3hx4ahibRub1ibC28KEHfReOp5ibQBG2K8d1KIHBibTs/132', '', '上海', 2, '18721937501', 1, 0, NULL, 0, NULL, '2018-03-31 15:37:34');

-- --------------------------------------------------------

--
-- 表的结构 `order`
--

CREATE TABLE `order` (
  `order_id` bigint(11) UNSIGNED NOT NULL,
  `order_no` varchar(50) NOT NULL COMMENT '订单号',
  `open_id` char(128) DEFAULT NULL COMMENT '用户在商户下的唯一标示',
  `shop_id` int(11) UNSIGNED NOT NULL,
  `total_fee` bigint(20) UNSIGNED NOT NULL COMMENT '订单金额',
  `complete_time` datetime DEFAULT NULL COMMENT '订单完成时间（到店内进行了美容)',
  `beautician_id` bigint(10) UNSIGNED NOT NULL COMMENT '预约美容师ID',
  `order_status` tinyint(3) UNSIGNED NOT NULL DEFAULT '1' COMMENT '1 已预约 2 已取消 3 已完成',
  `appointment_day` date NOT NULL COMMENT '预约日期',
  `appointment_start_time` time NOT NULL COMMENT '预约开始时间',
  `appointment_end_time` time NOT NULL COMMENT '预约结束时间',
  `phone_number` varchar(11) NOT NULL,
  `disabled` tinyint(1) UNSIGNED NOT NULL DEFAULT '0',
  `created_time` datetime NOT NULL COMMENT '下单时间'
) ENGINE=InnoDB DEFAULT CHARSET=utf8 COMMENT='订单表';

--
-- 转存表中的数据 `order`
--

INSERT INTO `order` (`order_id`, `order_no`, `open_id`, `shop_id`, `total_fee`, `complete_time`, `beautician_id`, `order_status`, `appointment_day`, `appointment_start_time`, `appointment_end_time`, `phone_number`, `disabled`, `created_time`) VALUES
(4, '201803161129430351851100', 'test', 1, 198, NULL, 12, 100, '2018-03-16', '12:00:00', '12:00:00', '135', 0, '2018-03-16 11:29:43'),
(5, '201803161134050355064400', 'test', 1, 198, NULL, 12, 100, '2018-03-16', '12:00:00', '12:00:00', '135', 0, '2018-03-16 11:34:05'),
(6, '201803170946360366690131', 'test', 1, 123, '2018-03-27 16:19:51', 12, 2, '2018-03-17', '12:00:00', '12:00:00', '135', 0, '2018-03-17 09:46:36'),
(7, '201803171019320369747429', 'test', 1, 123, '2018-03-27 16:19:49', 12, 2, '2018-03-17', '12:00:00', '12:00:00', '135', 0, '2018-03-17 10:19:32'),
(8, '201803171019430365928341', 'test', 1, 123, '2018-03-27 16:19:34', 12, 2, '2018-03-17', '12:00:00', '12:00:00', '135', 0, '2018-03-17 10:19:43'),
(9, '201803171133110361909406', 'test', 1, 123, '2018-03-27 16:19:25', 12, 2, '2018-03-17', '16:30:00', '17:30:00', '135', 0, '2018-03-17 11:33:11'),
(10, '201803171134100367686848', 'test', 1, 123, '2018-03-27 16:19:31', 12, 2, '2018-03-17', '13:30:00', '14:30:00', '135', 0, '2018-03-17 11:34:10'),
(11, '201803171135180367280188', 'test', 1, 123, '2018-03-27 16:19:19', 12, 2, '2018-03-17', '15:00:00', '16:00:00', '135', 0, '2018-03-17 11:35:18'),
(12, '20180317113531036821790', 'test', 1, 123, '2018-03-27 16:19:13', 12, 2, '2018-03-17', '20:30:00', '21:30:00', '135', 0, '2018-03-17 11:35:31'),
(13, '201803171143070367731097', 'test', 1, 90, '2018-03-27 16:19:16', 12, 2, '2018-03-23', '10:30:00', '11:00:00', '135', 0, '2018-03-17 11:43:07'),
(14, '20180317114317036102178', 'test', 1, 123, '2018-03-27 16:19:05', 12, 2, '2018-03-19', '10:00:00', '11:00:00', '135', 0, '2018-03-17 11:43:17'),
(15, '201803171148070367762818', 'test', 1, 123, '2018-03-27 16:19:02', 13, 2, '2018-03-17', '12:00:00', '13:00:00', '135', 0, '2018-03-17 11:48:07'),
(16, '201803171148360361518643', 'test', 1, 123, NULL, 13, 2, '2018-03-17', '13:30:00', '14:30:00', '135', 0, '2018-03-17 11:48:36'),
(17, '201803171149010367174225', 'test', 1, 123, NULL, 13, 2, '2018-03-17', '15:00:00', '16:00:00', '135', 0, '2018-03-17 11:49:01'),
(18, '201803171250010366042402', 'o9eUKjytwJmgs6LA7mhIn3YQ7FY4', 1, 90, NULL, 13, 2, '2018-03-18', '10:00:00', '10:30:00', '135', 0, '2018-03-17 12:50:01'),
(19, '201803171326000361438745', 'o9eUKjytwJmgs6LA7mhIn3YQ7FY4', 1, 123, NULL, 12, 2, '2018-03-18', '10:00:00', '11:00:00', '135', 0, '2018-03-17 13:26:00'),
(20, '201803171406350361024329', 'o9eUKjytwJmgs6LA7mhIn3YQ7FY4', 1, 123, NULL, 12, 2, '2018-03-17', '18:00:00', '19:00:00', '135', 0, '2018-03-17 14:06:35'),
(21, '201803171406450361474080', 'o9eUKjytwJmgs6LA7mhIn3YQ7FY4', 1, 123, NULL, 12, 2, '2018-03-17', '18:00:00', '19:00:00', '135', 0, '2018-03-17 14:06:45'),
(22, '201803171406570364987065', 'o9eUKjytwJmgs6LA7mhIn3YQ7FY4', 1, 123, NULL, 12, 2, '2018-03-18', '14:00:00', '15:00:00', '135', 0, '2018-03-17 14:06:57'),
(23, '201803171407440365410275', 'o9eUKjytwJmgs6LA7mhIn3YQ7FY4', 1, 90, NULL, 13, 2, '2018-03-17', '14:30:00', '15:00:00', '135', 0, '2018-03-17 14:07:44'),
(24, '201803171453060367330094', 'o9eUKjytwJmgs6LA7mhIn3YQ7FY4', 1, 123, NULL, 12, 2, '2018-03-17', '18:30:00', '19:30:00', '135', 0, '2018-03-17 14:53:06'),
(25, '201803171455330361394754', 'o9eUKjytwJmgs6LA7mhIn3YQ7FY4', 1, 90, NULL, 13, 2, '2018-03-17', '19:30:00', '20:00:00', '135', 0, '2018-03-17 14:55:33'),
(26, '201803171455430363900975', 'o9eUKjytwJmgs6LA7mhIn3YQ7FY4', 1, 123, NULL, 12, 2, '2018-03-17', '19:00:00', '20:00:00', '135', 0, '2018-03-17 14:55:43'),
(27, '201803171641040366249695', 'o9eUKjytwJmgs6LA7mhIn3YQ7FY4', 1, 90, NULL, 13, 2, '2018-03-17', '17:00:00', '17:30:00', '135', 0, '2018-03-17 16:41:04'),
(28, '201803171641230369746463', 'o9eUKjytwJmgs6LA7mhIn3YQ7FY4', 1, 123, NULL, 13, 2, '2018-03-17', '18:00:00', '19:00:00', '135', 0, '2018-03-17 16:41:23'),
(29, '201803171641440362019319', 'o9eUKjytwJmgs6LA7mhIn3YQ7FY4', 1, 90, NULL, 13, 2, '2018-03-17', '20:30:00', '21:00:00', '135', 0, '2018-03-17 16:41:44'),
(30, '201803171642010368544078', 'o9eUKjytwJmgs6LA7mhIn3YQ7FY4', 1, 123, NULL, 12, 2, '2018-03-31', '12:00:00', '13:00:00', '135', 0, '2018-03-17 16:42:01'),
(31, '20180317164214036916858', 'o9eUKjytwJmgs6LA7mhIn3YQ7FY4', 1, 123, NULL, 12, 2, '2018-03-31', '13:30:00', '14:30:00', '135', 0, '2018-03-17 16:42:14'),
(32, '201803171644540369552914', 'o9eUKjytwJmgs6LA7mhIn3YQ7FY4', 1, 90, NULL, 13, 2, '2018-03-20', '11:30:00', '12:00:00', '135', 0, '2018-03-17 16:44:54'),
(33, '201803172259550369634800', 'o9eUKjxtDwgwXrpzZ_x792kvNr1k', 1, 147, NULL, 12, 2, '2018-03-20', '10:00:00', '11:00:00', '135', 0, '2018-03-17 22:59:55'),
(34, '201803181730230304241228', 'o9eUKjytwJmgs6LA7mhIn3YQ7FY4', 1, 45, NULL, 12, 2, '2018-03-18', '17:30:00', '18:00:00', '135', 0, '2018-03-18 17:30:23'),
(35, '20180321105636033960863', 'o9eUKjytwJmgs6LA7mhIn3YQ7FY4', 1, 98, NULL, 13, 2, '2018-03-21', '11:00:00', '11:30:00', '13524286564', 0, '2018-03-21 10:56:36'),
(36, '201803211441330339760966', 'o9eUKjytwJmgs6LA7mhIn3YQ7FY4', 1, 98, NULL, 12, 2, '2018-03-21', '15:00:00', '15:30:00', '13524286564', 0, '2018-03-21 14:41:33'),
(37, '201803211441580331287681', 'o9eUKjytwJmgs6LA7mhIn3YQ7FY4', 1, 98, NULL, 12, 2, '2018-03-21', '16:30:00', '17:00:00', '13524286564', 0, '2018-03-21 14:41:58'),
(38, '201803211501410333530935', 'o9eUKjytwJmgs6LA7mhIn3YQ7FY4', 1, 45, NULL, 12, 2, '2018-03-21', '17:30:00', '18:00:00', '13524286564', 0, '2018-03-21 15:01:41'),
(39, '201803211523420337652435', 'o9eUKjxtDwgwXrpzZ_x792kvNr1k', 1, 98, NULL, 12, 2, '2018-03-22', '11:00:00', '11:30:00', '18616755873', 0, '2018-03-21 15:23:42'),
(40, '201803211527550333354297', 'o9eUKjwY_AGy1wYRpOCWmpvbPof0', 1, 147, '2018-03-27 16:18:48', 12, 2, '2018-03-21', '17:30:00', '18:30:00', '13524286564', 0, '2018-03-21 15:27:55'),
(41, '201803211529340334232285', 'o9eUKjxtDwgwXrpzZ_x792kvNr1k', 1, 98, NULL, 12, 2, '2018-03-22', '10:00:00', '10:30:00', '18616755873', 0, '2018-03-21 15:29:34'),
(42, '201803211531260338164639', 'o9eUKj0-2P-Y8OSuUTJ5CWyXRpDM', 1, 98, NULL, 12, 2, '2018-03-21', '20:00:00', '20:30:00', '18234942436', 0, '2018-03-21 15:31:26'),
(43, '20180321153307033954578', 'o9eUKj0-2P-Y8OSuUTJ5CWyXRpDM', 1, 147, NULL, 12, 2, '2018-03-21', '21:00:00', '22:00:00', '18234942436', 0, '2018-03-21 15:33:07'),
(44, '201803211539280339622775', 'o9eUKjwwX8erO0iD8YNTOabtINnw', 1, 147, '2018-03-27 16:16:25', 12, 2, '2018-03-21', '20:00:00', '21:00:00', '18322960087', 0, '2018-03-21 15:39:28'),
(45, '201803230633420353463776', 'o9eUKjytwJmgs6LA7mhIn3YQ7FY4', 1, 147, NULL, 12, 2, '2018-03-23', '11:30:00', '12:30:00', '13524286564', 0, '2018-03-23 06:33:42'),
(46, '201803271353090329069685', 'o9eUKj74w-VrybPIqPt6YR6qV_pg', 1, 98, '2018-03-27 16:16:02', 12, 100, '2018-03-27', '14:00:00', '14:30:00', '18918162923', 0, '2018-03-27 13:53:09'),
(47, '201803271418390322638955', 'o9eUKjwwX8erO0iD8YNTOabtINnw', 1, 45, NULL, 12, 2, '2018-03-27', '15:00:00', '15:30:00', '18322960087', 0, '2018-03-27 14:18:39'),
(48, '201803281219070331741705', 'o9eUKj9JEH-UX2gZYFJDCoBGb188', 1, 98, '2018-03-29 23:37:27', 12, 2, '2018-03-29', '12:00:00', '12:30:00', '18516071503', 0, '2018-03-28 12:19:07'),
(49, '201803281219200333983437', 'o9eUKj9JEH-UX2gZYFJDCoBGb188', 1, 98, '2018-03-29 23:37:19', 12, 100, '2018-03-29', '13:00:00', '13:30:00', '18516071503', 0, '2018-03-28 12:19:20'),
(50, '201803281219310336908494', 'o9eUKj9JEH-UX2gZYFJDCoBGb188', 1, 98, '2018-03-29 23:37:14', 12, 100, '2018-03-29', '14:00:00', '14:30:00', '18516071503', 0, '2018-03-28 12:19:31'),
(51, '201803281219410332910596', 'o9eUKj9JEH-UX2gZYFJDCoBGb188', 1, 98, '2018-03-29 23:37:08', 12, 100, '2018-03-29', '15:00:00', '15:30:00', '18516071503', 0, '2018-03-28 12:19:41'),
(52, '201803281741240335477946', 'o9eUKjxtDwgwXrpzZ_x792kvNr1k', 1, 98, NULL, 12, 2, '2018-03-28', '18:00:00', '18:30:00', '18616755873', 0, '2018-03-28 17:41:24'),
(53, '201803281744210338940978', 'o9eUKjxtDwgwXrpzZ_x792kvNr1k', 1, 98, NULL, 12, 2, '2018-03-28', '19:00:00', '19:30:00', '18616755873', 0, '2018-03-28 17:44:21'),
(54, '201803281752540338375274', 'o9eUKj9JEH-UX2gZYFJDCoBGb188', 1, 98, '2018-03-29 23:37:01', 12, 100, '2018-03-29', '19:00:00', '19:30:00', '18516071503', 0, '2018-03-28 17:52:54'),
(55, '201803291305040342210657', 'o9eUKj1qGCsq4Fh1JfoXALHYk9EI', 1, 45, '2018-03-29 23:36:57', 12, 100, '2018-03-29', '16:00:00', '16:30:00', '15216639185', 0, '2018-03-29 13:05:04'),
(56, '201803291356410344347323', 'o9eUKjwfGBtuWVO3HdJm2qjuUdZk', 1, 98, NULL, 12, 2, '2018-03-29', '23:00:00', '23:30:00', '15601710039', 0, '2018-03-29 13:56:41'),
(57, '201803301650350356946447', 'o9eUKjyNkUn8TIGL1n-9Ievp7MRE', 1, 98, NULL, 12, 1, '2018-03-30', '17:00:00', '17:30:00', '18079821532', 0, '2018-03-30 16:50:35');

-- --------------------------------------------------------

--
-- 表的结构 `order_project`
--

CREATE TABLE `order_project` (
  `order_project_id` bigint(11) UNSIGNED NOT NULL,
  `order_id` bigint(11) UNSIGNED NOT NULL,
  `project_id` bigint(11) UNSIGNED NOT NULL,
  `project_name` varchar(100) NOT NULL,
  `use_time` int(10) NOT NULL,
  `price` float(10,2) UNSIGNED NOT NULL COMMENT '项目金额',
  `project_cover` varchar(1000) DEFAULT NULL,
  `created_time` datetime NOT NULL
) ENGINE=InnoDB DEFAULT CHARSET=utf8 COMMENT='订单下的项目表';

--
-- 转存表中的数据 `order_project`
--

INSERT INTO `order_project` (`order_project_id`, `order_id`, `project_id`, `project_name`, `use_time`, `price`, `project_cover`, `created_time`) VALUES
(1, 4, 12, '肩颈调理', 45, 198.00, '{\"file_name\":\"67ef8fe8e84f1a349b1844bd93980134.jpg\",\"file_type\":\"image\\/jpeg\",\"file_path\":\"\\/data\\/home\\/qyu2039650001\\/htdocs\\/upload\\/2017-03-01\\/\",\"full_path\":\"\\/data\\/home\\/qyu2039650001\\/htdocs\\/upload\\/2017-03-01\\/67ef8fe8e84f1a349b1844bd93980134.jpg\",\"raw_name\":\"2017-03-01\\/67ef8fe8e84f1a349b1844bd93980134\",\"orig_name\":\"32458PICiQK_1024.jpg\",\"client_name\":\"32458PICiQK_1024.jpg\",\"file_ext\":\".jpg\",\"file_size\":36.92,\"is_image\":true,\"image_width\":600,\"image_height\":800,\"image_type\":\"jpeg\",\"image_size_str\":\"width=\\\"600\\\" height=\\\"800\\\"\"}', '2018-03-16 11:29:43'),
(2, 5, 12, '肩颈调理', 45, 198.00, '{\"file_name\":\"67ef8fe8e84f1a349b1844bd93980134.jpg\",\"file_type\":\"image\\/jpeg\",\"file_path\":\"\\/data\\/home\\/qyu2039650001\\/htdocs\\/upload\\/2017-03-01\\/\",\"full_path\":\"\\/data\\/home\\/qyu2039650001\\/htdocs\\/upload\\/2017-03-01\\/67ef8fe8e84f1a349b1844bd93980134.jpg\",\"raw_name\":\"2017-03-01\\/67ef8fe8e84f1a349b1844bd93980134\",\"orig_name\":\"32458PICiQK_1024.jpg\",\"client_name\":\"32458PICiQK_1024.jpg\",\"file_ext\":\".jpg\",\"file_size\":36.92,\"is_image\":true,\"image_width\":600,\"image_height\":800,\"image_type\":\"jpeg\",\"image_size_str\":\"width=\\\"600\\\" height=\\\"800\\\"\"}', '2018-03-16 11:34:05'),
(3, 6, 1, '肩颈调理', 30, 123.00, '{\"file_name\":\"61c51d99b73dc2b5060246895e200a0d.png\",\"file_type\":\"image\\/png\",\"file_path\":\"\\/Users\\/guohao\\/htdocs\\/mangrenhui\\/public\\/upload\\/2018-03-16\\/\",\"full_path\":\"\\/Users\\/guohao\\/htdocs\\/mangrenhui\\/public\\/upload\\/2018-03-16\\/61c51d99b73dc2b5060246895e200a0d.png\",\"raw_name\":\"2018-03-16\\/61c51d99b73dc2b5060246895e200a0d\",\"orig_name\":\"git\\u5feb\\u6377\\u952e.png\",\"client_name\":\"git\\u5feb\\u6377\\u952e.png\",\"file_ext\":\".png\",\"file_size\":511.58,\"is_image\":true,\"image_width\":950,\"image_height\":1343,\"image_type\":\"png\",\"image_size_str\":\"width=\\\"950\\\" height=\\\"1343\\\"\"}', '2018-03-17 09:46:36'),
(4, 7, 1, '肩颈调理', 90, 123.00, '{\"file_name\":\"61c51d99b73dc2b5060246895e200a0d.png\",\"file_type\":\"image\\/png\",\"file_path\":\"\\/Users\\/guohao\\/htdocs\\/mangrenhui\\/public\\/upload\\/2018-03-16\\/\",\"full_path\":\"\\/Users\\/guohao\\/htdocs\\/mangrenhui\\/public\\/upload\\/2018-03-16\\/61c51d99b73dc2b5060246895e200a0d.png\",\"raw_name\":\"2018-03-16\\/61c51d99b73dc2b5060246895e200a0d\",\"orig_name\":\"git\\u5feb\\u6377\\u952e.png\",\"client_name\":\"git\\u5feb\\u6377\\u952e.png\",\"file_ext\":\".png\",\"file_size\":511.58,\"is_image\":true,\"image_width\":950,\"image_height\":1343,\"image_type\":\"png\",\"image_size_str\":\"width=\\\"950\\\" height=\\\"1343\\\"\"}', '2018-03-17 10:19:32'),
(5, 8, 1, '肩颈调理', 90, 123.00, '{\"file_name\":\"61c51d99b73dc2b5060246895e200a0d.png\",\"file_type\":\"image\\/png\",\"file_path\":\"\\/Users\\/guohao\\/htdocs\\/mangrenhui\\/public\\/upload\\/2018-03-16\\/\",\"full_path\":\"\\/Users\\/guohao\\/htdocs\\/mangrenhui\\/public\\/upload\\/2018-03-16\\/61c51d99b73dc2b5060246895e200a0d.png\",\"raw_name\":\"2018-03-16\\/61c51d99b73dc2b5060246895e200a0d\",\"orig_name\":\"git\\u5feb\\u6377\\u952e.png\",\"client_name\":\"git\\u5feb\\u6377\\u952e.png\",\"file_ext\":\".png\",\"file_size\":511.58,\"is_image\":true,\"image_width\":950,\"image_height\":1343,\"image_type\":\"png\",\"image_size_str\":\"width=\\\"950\\\" height=\\\"1343\\\"\"}', '2018-03-17 10:19:43'),
(6, 9, 1, '肩颈调理', 90, 123.00, '{\"file_name\":\"61c51d99b73dc2b5060246895e200a0d.png\",\"file_type\":\"image\\/png\",\"file_path\":\"\\/Users\\/guohao\\/htdocs\\/mangrenhui\\/public\\/upload\\/2018-03-16\\/\",\"full_path\":\"\\/Users\\/guohao\\/htdocs\\/mangrenhui\\/public\\/upload\\/2018-03-16\\/61c51d99b73dc2b5060246895e200a0d.png\",\"raw_name\":\"2018-03-16\\/61c51d99b73dc2b5060246895e200a0d\",\"orig_name\":\"git\\u5feb\\u6377\\u952e.png\",\"client_name\":\"git\\u5feb\\u6377\\u952e.png\",\"file_ext\":\".png\",\"file_size\":511.58,\"is_image\":true,\"image_width\":950,\"image_height\":1343,\"image_type\":\"png\",\"image_size_str\":\"width=\\\"950\\\" height=\\\"1343\\\"\"}', '2018-03-17 11:33:11'),
(7, 10, 1, '肩颈调理', 90, 123.00, '{\"file_name\":\"61c51d99b73dc2b5060246895e200a0d.png\",\"file_type\":\"image\\/png\",\"file_path\":\"\\/Users\\/guohao\\/htdocs\\/mangrenhui\\/public\\/upload\\/2018-03-16\\/\",\"full_path\":\"\\/Users\\/guohao\\/htdocs\\/mangrenhui\\/public\\/upload\\/2018-03-16\\/61c51d99b73dc2b5060246895e200a0d.png\",\"raw_name\":\"2018-03-16\\/61c51d99b73dc2b5060246895e200a0d\",\"orig_name\":\"git\\u5feb\\u6377\\u952e.png\",\"client_name\":\"git\\u5feb\\u6377\\u952e.png\",\"file_ext\":\".png\",\"file_size\":511.58,\"is_image\":true,\"image_width\":950,\"image_height\":1343,\"image_type\":\"png\",\"image_size_str\":\"width=\\\"950\\\" height=\\\"1343\\\"\"}', '2018-03-17 11:34:10'),
(8, 11, 1, '肩颈调理', 90, 123.00, '{\"file_name\":\"61c51d99b73dc2b5060246895e200a0d.png\",\"file_type\":\"image\\/png\",\"file_path\":\"\\/Users\\/guohao\\/htdocs\\/mangrenhui\\/public\\/upload\\/2018-03-16\\/\",\"full_path\":\"\\/Users\\/guohao\\/htdocs\\/mangrenhui\\/public\\/upload\\/2018-03-16\\/61c51d99b73dc2b5060246895e200a0d.png\",\"raw_name\":\"2018-03-16\\/61c51d99b73dc2b5060246895e200a0d\",\"orig_name\":\"git\\u5feb\\u6377\\u952e.png\",\"client_name\":\"git\\u5feb\\u6377\\u952e.png\",\"file_ext\":\".png\",\"file_size\":511.58,\"is_image\":true,\"image_width\":950,\"image_height\":1343,\"image_type\":\"png\",\"image_size_str\":\"width=\\\"950\\\" height=\\\"1343\\\"\"}', '2018-03-17 11:35:18'),
(9, 12, 1, '肩颈调理', 90, 123.00, '{\"file_name\":\"61c51d99b73dc2b5060246895e200a0d.png\",\"file_type\":\"image\\/png\",\"file_path\":\"\\/Users\\/guohao\\/htdocs\\/mangrenhui\\/public\\/upload\\/2018-03-16\\/\",\"full_path\":\"\\/Users\\/guohao\\/htdocs\\/mangrenhui\\/public\\/upload\\/2018-03-16\\/61c51d99b73dc2b5060246895e200a0d.png\",\"raw_name\":\"2018-03-16\\/61c51d99b73dc2b5060246895e200a0d\",\"orig_name\":\"git\\u5feb\\u6377\\u952e.png\",\"client_name\":\"git\\u5feb\\u6377\\u952e.png\",\"file_ext\":\".png\",\"file_size\":511.58,\"is_image\":true,\"image_width\":950,\"image_height\":1343,\"image_type\":\"png\",\"image_size_str\":\"width=\\\"950\\\" height=\\\"1343\\\"\"}', '2018-03-17 11:35:31'),
(10, 13, 2, '全身按摩', 60, 90.00, '{\"file_name\":\"9bb814b4494fa641a71fb37a2f5f1046.png\",\"file_type\":\"image\\/png\",\"file_path\":\"\\/Users\\/guohao\\/htdocs\\/mangrenhui\\/public\\/upload\\/2018-03-16\\/\",\"full_path\":\"\\/Users\\/guohao\\/htdocs\\/mangrenhui\\/public\\/upload\\/2018-03-16\\/9bb814b4494fa641a71fb37a2f5f1046.png\",\"raw_name\":\"2018-03-16\\/9bb814b4494fa641a71fb37a2f5f1046\",\"orig_name\":\"git\\u5feb\\u6377\\u952e.png\",\"client_name\":\"git\\u5feb\\u6377\\u952e.png\",\"file_ext\":\".png\",\"file_size\":511.58,\"is_image\":true,\"image_width\":950,\"image_height\":1343,\"image_type\":\"png\",\"image_size_str\":\"width=\\\"950\\\" height=\\\"1343\\\"\"}', '2018-03-17 11:43:07'),
(11, 14, 1, '肩颈调理', 90, 123.00, '{\"file_name\":\"61c51d99b73dc2b5060246895e200a0d.png\",\"file_type\":\"image\\/png\",\"file_path\":\"\\/Users\\/guohao\\/htdocs\\/mangrenhui\\/public\\/upload\\/2018-03-16\\/\",\"full_path\":\"\\/Users\\/guohao\\/htdocs\\/mangrenhui\\/public\\/upload\\/2018-03-16\\/61c51d99b73dc2b5060246895e200a0d.png\",\"raw_name\":\"2018-03-16\\/61c51d99b73dc2b5060246895e200a0d\",\"orig_name\":\"git\\u5feb\\u6377\\u952e.png\",\"client_name\":\"git\\u5feb\\u6377\\u952e.png\",\"file_ext\":\".png\",\"file_size\":511.58,\"is_image\":true,\"image_width\":950,\"image_height\":1343,\"image_type\":\"png\",\"image_size_str\":\"width=\\\"950\\\" height=\\\"1343\\\"\"}', '2018-03-17 11:43:17'),
(12, 15, 1, '肩颈调理', 90, 123.00, '{\"file_name\":\"61c51d99b73dc2b5060246895e200a0d.png\",\"file_type\":\"image\\/png\",\"file_path\":\"\\/Users\\/guohao\\/htdocs\\/mangrenhui\\/public\\/upload\\/2018-03-16\\/\",\"full_path\":\"\\/Users\\/guohao\\/htdocs\\/mangrenhui\\/public\\/upload\\/2018-03-16\\/61c51d99b73dc2b5060246895e200a0d.png\",\"raw_name\":\"2018-03-16\\/61c51d99b73dc2b5060246895e200a0d\",\"orig_name\":\"git\\u5feb\\u6377\\u952e.png\",\"client_name\":\"git\\u5feb\\u6377\\u952e.png\",\"file_ext\":\".png\",\"file_size\":511.58,\"is_image\":true,\"image_width\":950,\"image_height\":1343,\"image_type\":\"png\",\"image_size_str\":\"width=\\\"950\\\" height=\\\"1343\\\"\"}', '2018-03-17 11:48:07'),
(13, 16, 1, '肩颈调理', 90, 123.00, '{\"file_name\":\"61c51d99b73dc2b5060246895e200a0d.png\",\"file_type\":\"image\\/png\",\"file_path\":\"\\/Users\\/guohao\\/htdocs\\/mangrenhui\\/public\\/upload\\/2018-03-16\\/\",\"full_path\":\"\\/Users\\/guohao\\/htdocs\\/mangrenhui\\/public\\/upload\\/2018-03-16\\/61c51d99b73dc2b5060246895e200a0d.png\",\"raw_name\":\"2018-03-16\\/61c51d99b73dc2b5060246895e200a0d\",\"orig_name\":\"git\\u5feb\\u6377\\u952e.png\",\"client_name\":\"git\\u5feb\\u6377\\u952e.png\",\"file_ext\":\".png\",\"file_size\":511.58,\"is_image\":true,\"image_width\":950,\"image_height\":1343,\"image_type\":\"png\",\"image_size_str\":\"width=\\\"950\\\" height=\\\"1343\\\"\"}', '2018-03-17 11:48:36'),
(14, 17, 1, '肩颈调理', 90, 123.00, '{\"file_name\":\"61c51d99b73dc2b5060246895e200a0d.png\",\"file_type\":\"image\\/png\",\"file_path\":\"\\/Users\\/guohao\\/htdocs\\/mangrenhui\\/public\\/upload\\/2018-03-16\\/\",\"full_path\":\"\\/Users\\/guohao\\/htdocs\\/mangrenhui\\/public\\/upload\\/2018-03-16\\/61c51d99b73dc2b5060246895e200a0d.png\",\"raw_name\":\"2018-03-16\\/61c51d99b73dc2b5060246895e200a0d\",\"orig_name\":\"git\\u5feb\\u6377\\u952e.png\",\"client_name\":\"git\\u5feb\\u6377\\u952e.png\",\"file_ext\":\".png\",\"file_size\":511.58,\"is_image\":true,\"image_width\":950,\"image_height\":1343,\"image_type\":\"png\",\"image_size_str\":\"width=\\\"950\\\" height=\\\"1343\\\"\"}', '2018-03-17 11:49:01'),
(15, 18, 2, '全身按摩', 60, 90.00, '{\"file_name\":\"9bb814b4494fa641a71fb37a2f5f1046.png\",\"file_type\":\"image\\/png\",\"file_path\":\"\\/Users\\/guohao\\/htdocs\\/mangrenhui\\/public\\/upload\\/2018-03-16\\/\",\"full_path\":\"\\/Users\\/guohao\\/htdocs\\/mangrenhui\\/public\\/upload\\/2018-03-16\\/9bb814b4494fa641a71fb37a2f5f1046.png\",\"raw_name\":\"2018-03-16\\/9bb814b4494fa641a71fb37a2f5f1046\",\"orig_name\":\"git\\u5feb\\u6377\\u952e.png\",\"client_name\":\"git\\u5feb\\u6377\\u952e.png\",\"file_ext\":\".png\",\"file_size\":511.58,\"is_image\":true,\"image_width\":950,\"image_height\":1343,\"image_type\":\"png\",\"image_size_str\":\"width=\\\"950\\\" height=\\\"1343\\\"\"}', '2018-03-17 12:50:01'),
(16, 19, 1, '肩颈调理', 90, 123.00, '{\"file_name\":\"61c51d99b73dc2b5060246895e200a0d.png\",\"file_type\":\"image\\/png\",\"file_path\":\"\\/Users\\/guohao\\/htdocs\\/mangrenhui\\/public\\/upload\\/2018-03-16\\/\",\"full_path\":\"\\/Users\\/guohao\\/htdocs\\/mangrenhui\\/public\\/upload\\/2018-03-16\\/61c51d99b73dc2b5060246895e200a0d.png\",\"raw_name\":\"2018-03-16\\/61c51d99b73dc2b5060246895e200a0d\",\"orig_name\":\"git\\u5feb\\u6377\\u952e.png\",\"client_name\":\"git\\u5feb\\u6377\\u952e.png\",\"file_ext\":\".png\",\"file_size\":511.58,\"is_image\":true,\"image_width\":950,\"image_height\":1343,\"image_type\":\"png\",\"image_size_str\":\"width=\\\"950\\\" height=\\\"1343\\\"\"}', '2018-03-17 13:26:00'),
(17, 20, 1, '肩颈调理', 90, 123.00, '{\"file_name\":\"61c51d99b73dc2b5060246895e200a0d.png\",\"file_type\":\"image\\/png\",\"file_path\":\"\\/Users\\/guohao\\/htdocs\\/mangrenhui\\/public\\/upload\\/2018-03-16\\/\",\"full_path\":\"\\/Users\\/guohao\\/htdocs\\/mangrenhui\\/public\\/upload\\/2018-03-16\\/61c51d99b73dc2b5060246895e200a0d.png\",\"raw_name\":\"2018-03-16\\/61c51d99b73dc2b5060246895e200a0d\",\"orig_name\":\"git\\u5feb\\u6377\\u952e.png\",\"client_name\":\"git\\u5feb\\u6377\\u952e.png\",\"file_ext\":\".png\",\"file_size\":511.58,\"is_image\":true,\"image_width\":950,\"image_height\":1343,\"image_type\":\"png\",\"image_size_str\":\"width=\\\"950\\\" height=\\\"1343\\\"\"}', '2018-03-17 14:06:35'),
(18, 21, 1, '肩颈调理', 90, 123.00, '{\"file_name\":\"61c51d99b73dc2b5060246895e200a0d.png\",\"file_type\":\"image\\/png\",\"file_path\":\"\\/Users\\/guohao\\/htdocs\\/mangrenhui\\/public\\/upload\\/2018-03-16\\/\",\"full_path\":\"\\/Users\\/guohao\\/htdocs\\/mangrenhui\\/public\\/upload\\/2018-03-16\\/61c51d99b73dc2b5060246895e200a0d.png\",\"raw_name\":\"2018-03-16\\/61c51d99b73dc2b5060246895e200a0d\",\"orig_name\":\"git\\u5feb\\u6377\\u952e.png\",\"client_name\":\"git\\u5feb\\u6377\\u952e.png\",\"file_ext\":\".png\",\"file_size\":511.58,\"is_image\":true,\"image_width\":950,\"image_height\":1343,\"image_type\":\"png\",\"image_size_str\":\"width=\\\"950\\\" height=\\\"1343\\\"\"}', '2018-03-17 14:06:45'),
(19, 22, 1, '肩颈调理', 90, 123.00, '{\"file_name\":\"61c51d99b73dc2b5060246895e200a0d.png\",\"file_type\":\"image\\/png\",\"file_path\":\"\\/Users\\/guohao\\/htdocs\\/mangrenhui\\/public\\/upload\\/2018-03-16\\/\",\"full_path\":\"\\/Users\\/guohao\\/htdocs\\/mangrenhui\\/public\\/upload\\/2018-03-16\\/61c51d99b73dc2b5060246895e200a0d.png\",\"raw_name\":\"2018-03-16\\/61c51d99b73dc2b5060246895e200a0d\",\"orig_name\":\"git\\u5feb\\u6377\\u952e.png\",\"client_name\":\"git\\u5feb\\u6377\\u952e.png\",\"file_ext\":\".png\",\"file_size\":511.58,\"is_image\":true,\"image_width\":950,\"image_height\":1343,\"image_type\":\"png\",\"image_size_str\":\"width=\\\"950\\\" height=\\\"1343\\\"\"}', '2018-03-17 14:06:57'),
(20, 23, 2, '全身按摩', 60, 90.00, '{\"file_name\":\"9bb814b4494fa641a71fb37a2f5f1046.png\",\"file_type\":\"image\\/png\",\"file_path\":\"\\/Users\\/guohao\\/htdocs\\/mangrenhui\\/public\\/upload\\/2018-03-16\\/\",\"full_path\":\"\\/Users\\/guohao\\/htdocs\\/mangrenhui\\/public\\/upload\\/2018-03-16\\/9bb814b4494fa641a71fb37a2f5f1046.png\",\"raw_name\":\"2018-03-16\\/9bb814b4494fa641a71fb37a2f5f1046\",\"orig_name\":\"git\\u5feb\\u6377\\u952e.png\",\"client_name\":\"git\\u5feb\\u6377\\u952e.png\",\"file_ext\":\".png\",\"file_size\":511.58,\"is_image\":true,\"image_width\":950,\"image_height\":1343,\"image_type\":\"png\",\"image_size_str\":\"width=\\\"950\\\" height=\\\"1343\\\"\"}', '2018-03-17 14:07:44'),
(21, 24, 1, '肩颈调理', 90, 123.00, '{\"file_name\":\"61c51d99b73dc2b5060246895e200a0d.png\",\"file_type\":\"image\\/png\",\"file_path\":\"\\/Users\\/guohao\\/htdocs\\/mangrenhui\\/public\\/upload\\/2018-03-16\\/\",\"full_path\":\"\\/Users\\/guohao\\/htdocs\\/mangrenhui\\/public\\/upload\\/2018-03-16\\/61c51d99b73dc2b5060246895e200a0d.png\",\"raw_name\":\"2018-03-16\\/61c51d99b73dc2b5060246895e200a0d\",\"orig_name\":\"git\\u5feb\\u6377\\u952e.png\",\"client_name\":\"git\\u5feb\\u6377\\u952e.png\",\"file_ext\":\".png\",\"file_size\":511.58,\"is_image\":true,\"image_width\":950,\"image_height\":1343,\"image_type\":\"png\",\"image_size_str\":\"width=\\\"950\\\" height=\\\"1343\\\"\"}', '2018-03-17 14:53:06'),
(22, 25, 2, '全身按摩', 60, 90.00, '{\"file_name\":\"9bb814b4494fa641a71fb37a2f5f1046.png\",\"file_type\":\"image\\/png\",\"file_path\":\"\\/Users\\/guohao\\/htdocs\\/mangrenhui\\/public\\/upload\\/2018-03-16\\/\",\"full_path\":\"\\/Users\\/guohao\\/htdocs\\/mangrenhui\\/public\\/upload\\/2018-03-16\\/9bb814b4494fa641a71fb37a2f5f1046.png\",\"raw_name\":\"2018-03-16\\/9bb814b4494fa641a71fb37a2f5f1046\",\"orig_name\":\"git\\u5feb\\u6377\\u952e.png\",\"client_name\":\"git\\u5feb\\u6377\\u952e.png\",\"file_ext\":\".png\",\"file_size\":511.58,\"is_image\":true,\"image_width\":950,\"image_height\":1343,\"image_type\":\"png\",\"image_size_str\":\"width=\\\"950\\\" height=\\\"1343\\\"\"}', '2018-03-17 14:55:33'),
(23, 26, 1, '肩颈调理', 90, 123.00, '{\"file_name\":\"61c51d99b73dc2b5060246895e200a0d.png\",\"file_type\":\"image\\/png\",\"file_path\":\"\\/Users\\/guohao\\/htdocs\\/mangrenhui\\/public\\/upload\\/2018-03-16\\/\",\"full_path\":\"\\/Users\\/guohao\\/htdocs\\/mangrenhui\\/public\\/upload\\/2018-03-16\\/61c51d99b73dc2b5060246895e200a0d.png\",\"raw_name\":\"2018-03-16\\/61c51d99b73dc2b5060246895e200a0d\",\"orig_name\":\"git\\u5feb\\u6377\\u952e.png\",\"client_name\":\"git\\u5feb\\u6377\\u952e.png\",\"file_ext\":\".png\",\"file_size\":511.58,\"is_image\":true,\"image_width\":950,\"image_height\":1343,\"image_type\":\"png\",\"image_size_str\":\"width=\\\"950\\\" height=\\\"1343\\\"\"}', '2018-03-17 14:55:43'),
(24, 27, 2, '全身按摩', 60, 90.00, '{\"file_name\":\"9bb814b4494fa641a71fb37a2f5f1046.png\",\"file_type\":\"image\\/png\",\"file_path\":\"\\/Users\\/guohao\\/htdocs\\/mangrenhui\\/public\\/upload\\/2018-03-16\\/\",\"full_path\":\"\\/Users\\/guohao\\/htdocs\\/mangrenhui\\/public\\/upload\\/2018-03-16\\/9bb814b4494fa641a71fb37a2f5f1046.png\",\"raw_name\":\"2018-03-16\\/9bb814b4494fa641a71fb37a2f5f1046\",\"orig_name\":\"git\\u5feb\\u6377\\u952e.png\",\"client_name\":\"git\\u5feb\\u6377\\u952e.png\",\"file_ext\":\".png\",\"file_size\":511.58,\"is_image\":true,\"image_width\":950,\"image_height\":1343,\"image_type\":\"png\",\"image_size_str\":\"width=\\\"950\\\" height=\\\"1343\\\"\"}', '2018-03-17 16:41:04'),
(25, 28, 1, '肩颈调理', 90, 123.00, '{\"file_name\":\"61c51d99b73dc2b5060246895e200a0d.png\",\"file_type\":\"image\\/png\",\"file_path\":\"\\/Users\\/guohao\\/htdocs\\/mangrenhui\\/public\\/upload\\/2018-03-16\\/\",\"full_path\":\"\\/Users\\/guohao\\/htdocs\\/mangrenhui\\/public\\/upload\\/2018-03-16\\/61c51d99b73dc2b5060246895e200a0d.png\",\"raw_name\":\"2018-03-16\\/61c51d99b73dc2b5060246895e200a0d\",\"orig_name\":\"git\\u5feb\\u6377\\u952e.png\",\"client_name\":\"git\\u5feb\\u6377\\u952e.png\",\"file_ext\":\".png\",\"file_size\":511.58,\"is_image\":true,\"image_width\":950,\"image_height\":1343,\"image_type\":\"png\",\"image_size_str\":\"width=\\\"950\\\" height=\\\"1343\\\"\"}', '2018-03-17 16:41:23'),
(26, 29, 2, '全身按摩', 60, 90.00, '{\"file_name\":\"9bb814b4494fa641a71fb37a2f5f1046.png\",\"file_type\":\"image\\/png\",\"file_path\":\"\\/Users\\/guohao\\/htdocs\\/mangrenhui\\/public\\/upload\\/2018-03-16\\/\",\"full_path\":\"\\/Users\\/guohao\\/htdocs\\/mangrenhui\\/public\\/upload\\/2018-03-16\\/9bb814b4494fa641a71fb37a2f5f1046.png\",\"raw_name\":\"2018-03-16\\/9bb814b4494fa641a71fb37a2f5f1046\",\"orig_name\":\"git\\u5feb\\u6377\\u952e.png\",\"client_name\":\"git\\u5feb\\u6377\\u952e.png\",\"file_ext\":\".png\",\"file_size\":511.58,\"is_image\":true,\"image_width\":950,\"image_height\":1343,\"image_type\":\"png\",\"image_size_str\":\"width=\\\"950\\\" height=\\\"1343\\\"\"}', '2018-03-17 16:41:44'),
(27, 30, 1, '肩颈调理', 90, 123.00, '{\"file_name\":\"61c51d99b73dc2b5060246895e200a0d.png\",\"file_type\":\"image\\/png\",\"file_path\":\"\\/Users\\/guohao\\/htdocs\\/mangrenhui\\/public\\/upload\\/2018-03-16\\/\",\"full_path\":\"\\/Users\\/guohao\\/htdocs\\/mangrenhui\\/public\\/upload\\/2018-03-16\\/61c51d99b73dc2b5060246895e200a0d.png\",\"raw_name\":\"2018-03-16\\/61c51d99b73dc2b5060246895e200a0d\",\"orig_name\":\"git\\u5feb\\u6377\\u952e.png\",\"client_name\":\"git\\u5feb\\u6377\\u952e.png\",\"file_ext\":\".png\",\"file_size\":511.58,\"is_image\":true,\"image_width\":950,\"image_height\":1343,\"image_type\":\"png\",\"image_size_str\":\"width=\\\"950\\\" height=\\\"1343\\\"\"}', '2018-03-17 16:42:01'),
(28, 31, 1, '肩颈调理', 90, 123.00, '{\"file_name\":\"61c51d99b73dc2b5060246895e200a0d.png\",\"file_type\":\"image\\/png\",\"file_path\":\"\\/Users\\/guohao\\/htdocs\\/mangrenhui\\/public\\/upload\\/2018-03-16\\/\",\"full_path\":\"\\/Users\\/guohao\\/htdocs\\/mangrenhui\\/public\\/upload\\/2018-03-16\\/61c51d99b73dc2b5060246895e200a0d.png\",\"raw_name\":\"2018-03-16\\/61c51d99b73dc2b5060246895e200a0d\",\"orig_name\":\"git\\u5feb\\u6377\\u952e.png\",\"client_name\":\"git\\u5feb\\u6377\\u952e.png\",\"file_ext\":\".png\",\"file_size\":511.58,\"is_image\":true,\"image_width\":950,\"image_height\":1343,\"image_type\":\"png\",\"image_size_str\":\"width=\\\"950\\\" height=\\\"1343\\\"\"}', '2018-03-17 16:42:14'),
(29, 32, 2, '全身按摩', 60, 90.00, '{\"file_name\":\"9bb814b4494fa641a71fb37a2f5f1046.png\",\"file_type\":\"image\\/png\",\"file_path\":\"\\/Users\\/guohao\\/htdocs\\/mangrenhui\\/public\\/upload\\/2018-03-16\\/\",\"full_path\":\"\\/Users\\/guohao\\/htdocs\\/mangrenhui\\/public\\/upload\\/2018-03-16\\/9bb814b4494fa641a71fb37a2f5f1046.png\",\"raw_name\":\"2018-03-16\\/9bb814b4494fa641a71fb37a2f5f1046\",\"orig_name\":\"git\\u5feb\\u6377\\u952e.png\",\"client_name\":\"git\\u5feb\\u6377\\u952e.png\",\"file_ext\":\".png\",\"file_size\":511.58,\"is_image\":true,\"image_width\":950,\"image_height\":1343,\"image_type\":\"png\",\"image_size_str\":\"width=\\\"950\\\" height=\\\"1343\\\"\"}', '2018-03-17 16:44:54'),
(30, 33, 2, '全身按摩(90分钟) 147元', 90, 147.00, '{\"file_name\":\"f68b4d2f5eb60c3b602578049dcb94a1.jpg\",\"file_type\":\"image\\/jpeg\",\"file_path\":\"\\/home\\/wwwroot\\/www.mlxiaowu.com\\/public\\/upload\\/2018-03-17\\/\",\"full_path\":\"\\/home\\/wwwroot\\/www.mlxiaowu.com\\/public\\/upload\\/2018-03-17\\/f68b4d2f5eb60c3b602578049dcb94a1.jpg\",\"raw_name\":\"2018-03-17\\/f68b4d2f5eb60c3b602578049dcb94a1\",\"orig_name\":\"timg_(10).jpg\",\"client_name\":\"timg (10).jpg\",\"file_ext\":\".jpg\",\"file_size\":16.36,\"is_image\":true,\"image_width\":575,\"image_height\":510,\"image_type\":\"jpeg\",\"image_size_str\":\"width=\\\"575\\\" height=\\\"510\\\"\"}', '2018-03-17 22:59:55'),
(31, 34, 3, '新客体验(60分钟) 45元', 60, 45.00, '{\"file_name\":\"1f9b4b11420d2373b9d099a21f3aec30.jpg\",\"file_type\":\"image\\/jpeg\",\"file_path\":\"\\/home\\/wwwroot\\/www.mlxiaowu.com\\/public\\/upload\\/2018-03-17\\/\",\"full_path\":\"\\/home\\/wwwroot\\/www.mlxiaowu.com\\/public\\/upload\\/2018-03-17\\/1f9b4b11420d2373b9d099a21f3aec30.jpg\",\"raw_name\":\"2018-03-17\\/1f9b4b11420d2373b9d099a21f3aec30\",\"orig_name\":\"timg_(10).jpg\",\"client_name\":\"timg (10).jpg\",\"file_ext\":\".jpg\",\"file_size\":16.36,\"is_image\":true,\"image_width\":575,\"image_height\":510,\"image_type\":\"jpeg\",\"image_size_str\":\"width=\\\"575\\\" height=\\\"510\\\"\"}', '2018-03-18 17:30:23'),
(32, 35, 1, '全身按摩(60分钟) 98元', 60, 98.00, '{\"file_name\":\"6f0f643f3674a83263486a4278da367d.jpg\",\"file_type\":\"image\\/jpeg\",\"file_path\":\"\\/home\\/wwwroot\\/www.mlxiaowu.com\\/public\\/upload\\/2018-03-17\\/\",\"full_path\":\"\\/home\\/wwwroot\\/www.mlxiaowu.com\\/public\\/upload\\/2018-03-17\\/6f0f643f3674a83263486a4278da367d.jpg\",\"raw_name\":\"2018-03-17\\/6f0f643f3674a83263486a4278da367d\",\"orig_name\":\"timg_(10).jpg\",\"client_name\":\"timg (10).jpg\",\"file_ext\":\".jpg\",\"file_size\":16.36,\"is_image\":true,\"image_width\":575,\"image_height\":510,\"image_type\":\"jpeg\",\"image_size_str\":\"width=\\\"575\\\" height=\\\"510\\\"\"}', '2018-03-21 10:56:36'),
(33, 36, 1, '全身按摩(60分钟) 98元', 60, 98.00, '{\"file_name\":\"6f0f643f3674a83263486a4278da367d.jpg\",\"file_type\":\"image\\/jpeg\",\"file_path\":\"\\/home\\/wwwroot\\/www.mlxiaowu.com\\/public\\/upload\\/2018-03-17\\/\",\"full_path\":\"\\/home\\/wwwroot\\/www.mlxiaowu.com\\/public\\/upload\\/2018-03-17\\/6f0f643f3674a83263486a4278da367d.jpg\",\"raw_name\":\"2018-03-17\\/6f0f643f3674a83263486a4278da367d\",\"orig_name\":\"timg_(10).jpg\",\"client_name\":\"timg (10).jpg\",\"file_ext\":\".jpg\",\"file_size\":16.36,\"is_image\":true,\"image_width\":575,\"image_height\":510,\"image_type\":\"jpeg\",\"image_size_str\":\"width=\\\"575\\\" height=\\\"510\\\"\"}', '2018-03-21 14:41:33'),
(34, 37, 1, '全身按摩(60分钟) 98元', 60, 98.00, '{\"file_name\":\"6f0f643f3674a83263486a4278da367d.jpg\",\"file_type\":\"image\\/jpeg\",\"file_path\":\"\\/home\\/wwwroot\\/www.mlxiaowu.com\\/public\\/upload\\/2018-03-17\\/\",\"full_path\":\"\\/home\\/wwwroot\\/www.mlxiaowu.com\\/public\\/upload\\/2018-03-17\\/6f0f643f3674a83263486a4278da367d.jpg\",\"raw_name\":\"2018-03-17\\/6f0f643f3674a83263486a4278da367d\",\"orig_name\":\"timg_(10).jpg\",\"client_name\":\"timg (10).jpg\",\"file_ext\":\".jpg\",\"file_size\":16.36,\"is_image\":true,\"image_width\":575,\"image_height\":510,\"image_type\":\"jpeg\",\"image_size_str\":\"width=\\\"575\\\" height=\\\"510\\\"\"}', '2018-03-21 14:41:58'),
(35, 38, 3, '新客体验(60分钟) 45元', 60, 45.00, '{\"file_name\":\"1f9b4b11420d2373b9d099a21f3aec30.jpg\",\"file_type\":\"image\\/jpeg\",\"file_path\":\"\\/home\\/wwwroot\\/www.mlxiaowu.com\\/public\\/upload\\/2018-03-17\\/\",\"full_path\":\"\\/home\\/wwwroot\\/www.mlxiaowu.com\\/public\\/upload\\/2018-03-17\\/1f9b4b11420d2373b9d099a21f3aec30.jpg\",\"raw_name\":\"2018-03-17\\/1f9b4b11420d2373b9d099a21f3aec30\",\"orig_name\":\"timg_(10).jpg\",\"client_name\":\"timg (10).jpg\",\"file_ext\":\".jpg\",\"file_size\":16.36,\"is_image\":true,\"image_width\":575,\"image_height\":510,\"image_type\":\"jpeg\",\"image_size_str\":\"width=\\\"575\\\" height=\\\"510\\\"\"}', '2018-03-21 15:01:41'),
(36, 39, 1, '全身按摩(60分钟) 98元', 60, 98.00, '{\"file_name\":\"6f0f643f3674a83263486a4278da367d.jpg\",\"file_type\":\"image\\/jpeg\",\"file_path\":\"\\/home\\/wwwroot\\/www.mlxiaowu.com\\/public\\/upload\\/2018-03-17\\/\",\"full_path\":\"\\/home\\/wwwroot\\/www.mlxiaowu.com\\/public\\/upload\\/2018-03-17\\/6f0f643f3674a83263486a4278da367d.jpg\",\"raw_name\":\"2018-03-17\\/6f0f643f3674a83263486a4278da367d\",\"orig_name\":\"timg_(10).jpg\",\"client_name\":\"timg (10).jpg\",\"file_ext\":\".jpg\",\"file_size\":16.36,\"is_image\":true,\"image_width\":575,\"image_height\":510,\"image_type\":\"jpeg\",\"image_size_str\":\"width=\\\"575\\\" height=\\\"510\\\"\"}', '2018-03-21 15:23:42'),
(37, 40, 2, '全身按摩(90分钟) 147元', 90, 147.00, '{\"file_name\":\"f68b4d2f5eb60c3b602578049dcb94a1.jpg\",\"file_type\":\"image\\/jpeg\",\"file_path\":\"\\/home\\/wwwroot\\/www.mlxiaowu.com\\/public\\/upload\\/2018-03-17\\/\",\"full_path\":\"\\/home\\/wwwroot\\/www.mlxiaowu.com\\/public\\/upload\\/2018-03-17\\/f68b4d2f5eb60c3b602578049dcb94a1.jpg\",\"raw_name\":\"2018-03-17\\/f68b4d2f5eb60c3b602578049dcb94a1\",\"orig_name\":\"timg_(10).jpg\",\"client_name\":\"timg (10).jpg\",\"file_ext\":\".jpg\",\"file_size\":16.36,\"is_image\":true,\"image_width\":575,\"image_height\":510,\"image_type\":\"jpeg\",\"image_size_str\":\"width=\\\"575\\\" height=\\\"510\\\"\"}', '2018-03-21 15:27:55'),
(38, 41, 1, '全身按摩(60分钟) 98元', 60, 98.00, '{\"file_name\":\"6f0f643f3674a83263486a4278da367d.jpg\",\"file_type\":\"image\\/jpeg\",\"file_path\":\"\\/home\\/wwwroot\\/www.mlxiaowu.com\\/public\\/upload\\/2018-03-17\\/\",\"full_path\":\"\\/home\\/wwwroot\\/www.mlxiaowu.com\\/public\\/upload\\/2018-03-17\\/6f0f643f3674a83263486a4278da367d.jpg\",\"raw_name\":\"2018-03-17\\/6f0f643f3674a83263486a4278da367d\",\"orig_name\":\"timg_(10).jpg\",\"client_name\":\"timg (10).jpg\",\"file_ext\":\".jpg\",\"file_size\":16.36,\"is_image\":true,\"image_width\":575,\"image_height\":510,\"image_type\":\"jpeg\",\"image_size_str\":\"width=\\\"575\\\" height=\\\"510\\\"\"}', '2018-03-21 15:29:34'),
(39, 42, 1, '全身按摩(60分钟) 98元', 60, 98.00, '{\"file_name\":\"6f0f643f3674a83263486a4278da367d.jpg\",\"file_type\":\"image\\/jpeg\",\"file_path\":\"\\/home\\/wwwroot\\/www.mlxiaowu.com\\/public\\/upload\\/2018-03-17\\/\",\"full_path\":\"\\/home\\/wwwroot\\/www.mlxiaowu.com\\/public\\/upload\\/2018-03-17\\/6f0f643f3674a83263486a4278da367d.jpg\",\"raw_name\":\"2018-03-17\\/6f0f643f3674a83263486a4278da367d\",\"orig_name\":\"timg_(10).jpg\",\"client_name\":\"timg (10).jpg\",\"file_ext\":\".jpg\",\"file_size\":16.36,\"is_image\":true,\"image_width\":575,\"image_height\":510,\"image_type\":\"jpeg\",\"image_size_str\":\"width=\\\"575\\\" height=\\\"510\\\"\"}', '2018-03-21 15:31:26'),
(40, 43, 2, '全身按摩(90分钟) 147元', 90, 147.00, '{\"file_name\":\"f68b4d2f5eb60c3b602578049dcb94a1.jpg\",\"file_type\":\"image\\/jpeg\",\"file_path\":\"\\/home\\/wwwroot\\/www.mlxiaowu.com\\/public\\/upload\\/2018-03-17\\/\",\"full_path\":\"\\/home\\/wwwroot\\/www.mlxiaowu.com\\/public\\/upload\\/2018-03-17\\/f68b4d2f5eb60c3b602578049dcb94a1.jpg\",\"raw_name\":\"2018-03-17\\/f68b4d2f5eb60c3b602578049dcb94a1\",\"orig_name\":\"timg_(10).jpg\",\"client_name\":\"timg (10).jpg\",\"file_ext\":\".jpg\",\"file_size\":16.36,\"is_image\":true,\"image_width\":575,\"image_height\":510,\"image_type\":\"jpeg\",\"image_size_str\":\"width=\\\"575\\\" height=\\\"510\\\"\"}', '2018-03-21 15:33:07'),
(41, 44, 2, '全身按摩(90分钟) 147元', 90, 147.00, '{\"file_name\":\"f68b4d2f5eb60c3b602578049dcb94a1.jpg\",\"file_type\":\"image\\/jpeg\",\"file_path\":\"\\/home\\/wwwroot\\/www.mlxiaowu.com\\/public\\/upload\\/2018-03-17\\/\",\"full_path\":\"\\/home\\/wwwroot\\/www.mlxiaowu.com\\/public\\/upload\\/2018-03-17\\/f68b4d2f5eb60c3b602578049dcb94a1.jpg\",\"raw_name\":\"2018-03-17\\/f68b4d2f5eb60c3b602578049dcb94a1\",\"orig_name\":\"timg_(10).jpg\",\"client_name\":\"timg (10).jpg\",\"file_ext\":\".jpg\",\"file_size\":16.36,\"is_image\":true,\"image_width\":575,\"image_height\":510,\"image_type\":\"jpeg\",\"image_size_str\":\"width=\\\"575\\\" height=\\\"510\\\"\"}', '2018-03-21 15:39:28'),
(42, 45, 2, '全身按摩(90分钟) 147元', 90, 147.00, '{\"file_name\":\"f68b4d2f5eb60c3b602578049dcb94a1.jpg\",\"file_type\":\"image\\/jpeg\",\"file_path\":\"\\/home\\/wwwroot\\/www.mlxiaowu.com\\/public\\/upload\\/2018-03-17\\/\",\"full_path\":\"\\/home\\/wwwroot\\/www.mlxiaowu.com\\/public\\/upload\\/2018-03-17\\/f68b4d2f5eb60c3b602578049dcb94a1.jpg\",\"raw_name\":\"2018-03-17\\/f68b4d2f5eb60c3b602578049dcb94a1\",\"orig_name\":\"timg_(10).jpg\",\"client_name\":\"timg (10).jpg\",\"file_ext\":\".jpg\",\"file_size\":16.36,\"is_image\":true,\"image_width\":575,\"image_height\":510,\"image_type\":\"jpeg\",\"image_size_str\":\"width=\\\"575\\\" height=\\\"510\\\"\"}', '2018-03-23 06:33:42'),
(43, 46, 1, '全身按摩(60分钟) 98元', 60, 98.00, '{\"file_name\":\"6f0f643f3674a83263486a4278da367d.jpg\",\"file_type\":\"image\\/jpeg\",\"file_path\":\"\\/home\\/wwwroot\\/www.mlxiaowu.com\\/public\\/upload\\/2018-03-17\\/\",\"full_path\":\"\\/home\\/wwwroot\\/www.mlxiaowu.com\\/public\\/upload\\/2018-03-17\\/6f0f643f3674a83263486a4278da367d.jpg\",\"raw_name\":\"2018-03-17\\/6f0f643f3674a83263486a4278da367d\",\"orig_name\":\"timg_(10).jpg\",\"client_name\":\"timg (10).jpg\",\"file_ext\":\".jpg\",\"file_size\":16.36,\"is_image\":true,\"image_width\":575,\"image_height\":510,\"image_type\":\"jpeg\",\"image_size_str\":\"width=\\\"575\\\" height=\\\"510\\\"\"}', '2018-03-27 13:53:09'),
(44, 47, 3, '新客体验(60分钟) 45元', 60, 45.00, '{\"file_name\":\"1f9b4b11420d2373b9d099a21f3aec30.jpg\",\"file_type\":\"image\\/jpeg\",\"file_path\":\"\\/home\\/wwwroot\\/www.mlxiaowu.com\\/public\\/upload\\/2018-03-17\\/\",\"full_path\":\"\\/home\\/wwwroot\\/www.mlxiaowu.com\\/public\\/upload\\/2018-03-17\\/1f9b4b11420d2373b9d099a21f3aec30.jpg\",\"raw_name\":\"2018-03-17\\/1f9b4b11420d2373b9d099a21f3aec30\",\"orig_name\":\"timg_(10).jpg\",\"client_name\":\"timg (10).jpg\",\"file_ext\":\".jpg\",\"file_size\":16.36,\"is_image\":true,\"image_width\":575,\"image_height\":510,\"image_type\":\"jpeg\",\"image_size_str\":\"width=\\\"575\\\" height=\\\"510\\\"\"}', '2018-03-27 14:18:39'),
(45, 48, 1, '全身按摩(60分钟) 98元', 60, 98.00, '{\"file_name\":\"6f0f643f3674a83263486a4278da367d.jpg\",\"file_type\":\"image\\/jpeg\",\"file_path\":\"\\/home\\/wwwroot\\/www.mlxiaowu.com\\/public\\/upload\\/2018-03-17\\/\",\"full_path\":\"\\/home\\/wwwroot\\/www.mlxiaowu.com\\/public\\/upload\\/2018-03-17\\/6f0f643f3674a83263486a4278da367d.jpg\",\"raw_name\":\"2018-03-17\\/6f0f643f3674a83263486a4278da367d\",\"orig_name\":\"timg_(10).jpg\",\"client_name\":\"timg (10).jpg\",\"file_ext\":\".jpg\",\"file_size\":16.36,\"is_image\":true,\"image_width\":575,\"image_height\":510,\"image_type\":\"jpeg\",\"image_size_str\":\"width=\\\"575\\\" height=\\\"510\\\"\"}', '2018-03-28 12:19:07'),
(46, 49, 1, '全身按摩(60分钟) 98元', 60, 98.00, '{\"file_name\":\"6f0f643f3674a83263486a4278da367d.jpg\",\"file_type\":\"image\\/jpeg\",\"file_path\":\"\\/home\\/wwwroot\\/www.mlxiaowu.com\\/public\\/upload\\/2018-03-17\\/\",\"full_path\":\"\\/home\\/wwwroot\\/www.mlxiaowu.com\\/public\\/upload\\/2018-03-17\\/6f0f643f3674a83263486a4278da367d.jpg\",\"raw_name\":\"2018-03-17\\/6f0f643f3674a83263486a4278da367d\",\"orig_name\":\"timg_(10).jpg\",\"client_name\":\"timg (10).jpg\",\"file_ext\":\".jpg\",\"file_size\":16.36,\"is_image\":true,\"image_width\":575,\"image_height\":510,\"image_type\":\"jpeg\",\"image_size_str\":\"width=\\\"575\\\" height=\\\"510\\\"\"}', '2018-03-28 12:19:20'),
(47, 50, 1, '全身按摩(60分钟) 98元', 60, 98.00, '{\"file_name\":\"6f0f643f3674a83263486a4278da367d.jpg\",\"file_type\":\"image\\/jpeg\",\"file_path\":\"\\/home\\/wwwroot\\/www.mlxiaowu.com\\/public\\/upload\\/2018-03-17\\/\",\"full_path\":\"\\/home\\/wwwroot\\/www.mlxiaowu.com\\/public\\/upload\\/2018-03-17\\/6f0f643f3674a83263486a4278da367d.jpg\",\"raw_name\":\"2018-03-17\\/6f0f643f3674a83263486a4278da367d\",\"orig_name\":\"timg_(10).jpg\",\"client_name\":\"timg (10).jpg\",\"file_ext\":\".jpg\",\"file_size\":16.36,\"is_image\":true,\"image_width\":575,\"image_height\":510,\"image_type\":\"jpeg\",\"image_size_str\":\"width=\\\"575\\\" height=\\\"510\\\"\"}', '2018-03-28 12:19:31'),
(48, 51, 1, '全身按摩(60分钟) 98元', 60, 98.00, '{\"file_name\":\"6f0f643f3674a83263486a4278da367d.jpg\",\"file_type\":\"image\\/jpeg\",\"file_path\":\"\\/home\\/wwwroot\\/www.mlxiaowu.com\\/public\\/upload\\/2018-03-17\\/\",\"full_path\":\"\\/home\\/wwwroot\\/www.mlxiaowu.com\\/public\\/upload\\/2018-03-17\\/6f0f643f3674a83263486a4278da367d.jpg\",\"raw_name\":\"2018-03-17\\/6f0f643f3674a83263486a4278da367d\",\"orig_name\":\"timg_(10).jpg\",\"client_name\":\"timg (10).jpg\",\"file_ext\":\".jpg\",\"file_size\":16.36,\"is_image\":true,\"image_width\":575,\"image_height\":510,\"image_type\":\"jpeg\",\"image_size_str\":\"width=\\\"575\\\" height=\\\"510\\\"\"}', '2018-03-28 12:19:41'),
(49, 52, 1, '全身按摩(60分钟) 98元', 60, 98.00, '{\"file_name\":\"6f0f643f3674a83263486a4278da367d.jpg\",\"file_type\":\"image\\/jpeg\",\"file_path\":\"\\/home\\/wwwroot\\/www.mlxiaowu.com\\/public\\/upload\\/2018-03-17\\/\",\"full_path\":\"\\/home\\/wwwroot\\/www.mlxiaowu.com\\/public\\/upload\\/2018-03-17\\/6f0f643f3674a83263486a4278da367d.jpg\",\"raw_name\":\"2018-03-17\\/6f0f643f3674a83263486a4278da367d\",\"orig_name\":\"timg_(10).jpg\",\"client_name\":\"timg (10).jpg\",\"file_ext\":\".jpg\",\"file_size\":16.36,\"is_image\":true,\"image_width\":575,\"image_height\":510,\"image_type\":\"jpeg\",\"image_size_str\":\"width=\\\"575\\\" height=\\\"510\\\"\"}', '2018-03-28 17:41:24'),
(50, 53, 1, '全身按摩(60分钟) 98元', 60, 98.00, '{\"file_name\":\"6f0f643f3674a83263486a4278da367d.jpg\",\"file_type\":\"image\\/jpeg\",\"file_path\":\"\\/home\\/wwwroot\\/www.mlxiaowu.com\\/public\\/upload\\/2018-03-17\\/\",\"full_path\":\"\\/home\\/wwwroot\\/www.mlxiaowu.com\\/public\\/upload\\/2018-03-17\\/6f0f643f3674a83263486a4278da367d.jpg\",\"raw_name\":\"2018-03-17\\/6f0f643f3674a83263486a4278da367d\",\"orig_name\":\"timg_(10).jpg\",\"client_name\":\"timg (10).jpg\",\"file_ext\":\".jpg\",\"file_size\":16.36,\"is_image\":true,\"image_width\":575,\"image_height\":510,\"image_type\":\"jpeg\",\"image_size_str\":\"width=\\\"575\\\" height=\\\"510\\\"\"}', '2018-03-28 17:44:21'),
(51, 54, 1, '全身按摩(60分钟) 98元', 60, 98.00, '{\"file_name\":\"6f0f643f3674a83263486a4278da367d.jpg\",\"file_type\":\"image\\/jpeg\",\"file_path\":\"\\/home\\/wwwroot\\/www.mlxiaowu.com\\/public\\/upload\\/2018-03-17\\/\",\"full_path\":\"\\/home\\/wwwroot\\/www.mlxiaowu.com\\/public\\/upload\\/2018-03-17\\/6f0f643f3674a83263486a4278da367d.jpg\",\"raw_name\":\"2018-03-17\\/6f0f643f3674a83263486a4278da367d\",\"orig_name\":\"timg_(10).jpg\",\"client_name\":\"timg (10).jpg\",\"file_ext\":\".jpg\",\"file_size\":16.36,\"is_image\":true,\"image_width\":575,\"image_height\":510,\"image_type\":\"jpeg\",\"image_size_str\":\"width=\\\"575\\\" height=\\\"510\\\"\"}', '2018-03-28 17:52:54'),
(52, 55, 3, '新客体验(60分钟) 45元', 60, 45.00, '{\"file_name\":\"1f9b4b11420d2373b9d099a21f3aec30.jpg\",\"file_type\":\"image\\/jpeg\",\"file_path\":\"\\/home\\/wwwroot\\/www.mlxiaowu.com\\/public\\/upload\\/2018-03-17\\/\",\"full_path\":\"\\/home\\/wwwroot\\/www.mlxiaowu.com\\/public\\/upload\\/2018-03-17\\/1f9b4b11420d2373b9d099a21f3aec30.jpg\",\"raw_name\":\"2018-03-17\\/1f9b4b11420d2373b9d099a21f3aec30\",\"orig_name\":\"timg_(10).jpg\",\"client_name\":\"timg (10).jpg\",\"file_ext\":\".jpg\",\"file_size\":16.36,\"is_image\":true,\"image_width\":575,\"image_height\":510,\"image_type\":\"jpeg\",\"image_size_str\":\"width=\\\"575\\\" height=\\\"510\\\"\"}', '2018-03-29 13:05:04'),
(53, 56, 1, '全身按摩(60分钟) 98元', 60, 98.00, '{\"file_name\":\"6f0f643f3674a83263486a4278da367d.jpg\",\"file_type\":\"image\\/jpeg\",\"file_path\":\"\\/home\\/wwwroot\\/www.mlxiaowu.com\\/public\\/upload\\/2018-03-17\\/\",\"full_path\":\"\\/home\\/wwwroot\\/www.mlxiaowu.com\\/public\\/upload\\/2018-03-17\\/6f0f643f3674a83263486a4278da367d.jpg\",\"raw_name\":\"2018-03-17\\/6f0f643f3674a83263486a4278da367d\",\"orig_name\":\"timg_(10).jpg\",\"client_name\":\"timg (10).jpg\",\"file_ext\":\".jpg\",\"file_size\":16.36,\"is_image\":true,\"image_width\":575,\"image_height\":510,\"image_type\":\"jpeg\",\"image_size_str\":\"width=\\\"575\\\" height=\\\"510\\\"\"}', '2018-03-29 13:56:41'),
(54, 57, 1, '全身按摩(60分钟) 98元', 60, 98.00, '{\"file_name\":\"6f0f643f3674a83263486a4278da367d.jpg\",\"file_type\":\"image\\/jpeg\",\"file_path\":\"\\/home\\/wwwroot\\/www.mlxiaowu.com\\/public\\/upload\\/2018-03-17\\/\",\"full_path\":\"\\/home\\/wwwroot\\/www.mlxiaowu.com\\/public\\/upload\\/2018-03-17\\/6f0f643f3674a83263486a4278da367d.jpg\",\"raw_name\":\"2018-03-17\\/6f0f643f3674a83263486a4278da367d\",\"orig_name\":\"timg_(10).jpg\",\"client_name\":\"timg (10).jpg\",\"file_ext\":\".jpg\",\"file_size\":16.36,\"is_image\":true,\"image_width\":575,\"image_height\":510,\"image_type\":\"jpeg\",\"image_size_str\":\"width=\\\"575\\\" height=\\\"510\\\"\"}', '2018-03-30 16:50:35');

-- --------------------------------------------------------

--
-- 表的结构 `project`
--

CREATE TABLE `project` (
  `project_id` bigint(11) UNSIGNED NOT NULL COMMENT '项目ID',
  `project_name` varchar(100) NOT NULL COMMENT '项目名称',
  `category_id` int(11) UNSIGNED NOT NULL COMMENT '所属分类',
  `shop_id` int(11) UNSIGNED NOT NULL DEFAULT '0',
  `project_cover` varchar(1000) DEFAULT NULL COMMENT '封面',
  `use_time` mediumint(10) UNSIGNED NOT NULL COMMENT '使用时间',
  `price` float(10,2) UNSIGNED NOT NULL COMMENT '价格, 单位为分',
  `order_sort` int(10) UNSIGNED NOT NULL DEFAULT '1',
  `disabled` tinyint(1) NOT NULL DEFAULT '0',
  `created_time` datetime NOT NULL COMMENT '创建时间',
  `updated_time` datetime DEFAULT NULL
) ENGINE=InnoDB DEFAULT CHARSET=utf8 COMMENT='项目表';

--
-- 转存表中的数据 `project`
--

INSERT INTO `project` (`project_id`, `project_name`, `category_id`, `shop_id`, `project_cover`, `use_time`, `price`, `order_sort`, `disabled`, `created_time`, `updated_time`) VALUES
(1, '全身按摩(60分钟) 98元', 0, 1, '{\"file_name\":\"6f0f643f3674a83263486a4278da367d.jpg\",\"file_type\":\"image\\/jpeg\",\"file_path\":\"\\/home\\/wwwroot\\/www.mlxiaowu.com\\/public\\/upload\\/2018-03-17\\/\",\"full_path\":\"\\/home\\/wwwroot\\/www.mlxiaowu.com\\/public\\/upload\\/2018-03-17\\/6f0f643f3674a83263486a4278da367d.jpg\",\"raw_name\":\"2018-03-17\\/6f0f643f3674a83263486a4278da367d\",\"orig_name\":\"timg_(10).jpg\",\"client_name\":\"timg (10).jpg\",\"file_ext\":\".jpg\",\"file_size\":16.36,\"is_image\":true,\"image_width\":575,\"image_height\":510,\"image_type\":\"jpeg\",\"image_size_str\":\"width=\\\"575\\\" height=\\\"510\\\"\"}', 60, 98.00, 1, 0, '2018-03-16 20:31:56', '2018-03-17 22:31:58'),
(2, '全身按摩(90分钟) 147元', 0, 1, '{\"file_name\":\"f68b4d2f5eb60c3b602578049dcb94a1.jpg\",\"file_type\":\"image\\/jpeg\",\"file_path\":\"\\/home\\/wwwroot\\/www.mlxiaowu.com\\/public\\/upload\\/2018-03-17\\/\",\"full_path\":\"\\/home\\/wwwroot\\/www.mlxiaowu.com\\/public\\/upload\\/2018-03-17\\/f68b4d2f5eb60c3b602578049dcb94a1.jpg\",\"raw_name\":\"2018-03-17\\/f68b4d2f5eb60c3b602578049dcb94a1\",\"orig_name\":\"timg_(10).jpg\",\"client_name\":\"timg (10).jpg\",\"file_ext\":\".jpg\",\"file_size\":16.36,\"is_image\":true,\"image_width\":575,\"image_height\":510,\"image_type\":\"jpeg\",\"image_size_str\":\"width=\\\"575\\\" height=\\\"510\\\"\"}', 90, 147.00, 1, 0, '2018-03-16 20:41:38', '2018-03-17 22:32:46'),
(3, '新客体验(60分钟) 45元', 0, 1, '{\"file_name\":\"1f9b4b11420d2373b9d099a21f3aec30.jpg\",\"file_type\":\"image\\/jpeg\",\"file_path\":\"\\/home\\/wwwroot\\/www.mlxiaowu.com\\/public\\/upload\\/2018-03-17\\/\",\"full_path\":\"\\/home\\/wwwroot\\/www.mlxiaowu.com\\/public\\/upload\\/2018-03-17\\/1f9b4b11420d2373b9d099a21f3aec30.jpg\",\"raw_name\":\"2018-03-17\\/1f9b4b11420d2373b9d099a21f3aec30\",\"orig_name\":\"timg_(10).jpg\",\"client_name\":\"timg (10).jpg\",\"file_ext\":\".jpg\",\"file_size\":16.36,\"is_image\":true,\"image_width\":575,\"image_height\":510,\"image_type\":\"jpeg\",\"image_size_str\":\"width=\\\"575\\\" height=\\\"510\\\"\"}', 60, 45.00, 1, 0, '2018-03-17 22:33:44', '2018-03-17 22:36:12');

-- --------------------------------------------------------

--
-- 表的结构 `shop`
--

CREATE TABLE `shop` (
  `shop_id` bigint(11) UNSIGNED NOT NULL,
  `shop_name` varchar(100) NOT NULL COMMENT '内容',
  `shop_logo` varchar(1000) DEFAULT NULL COMMENT '内容类型',
  `address` varchar(100) NOT NULL,
  `contacts` varchar(50) DEFAULT NULL,
  `contact_number` varchar(32) DEFAULT NULL,
  `disabled` tinyint(1) UNSIGNED NOT NULL DEFAULT '0',
  `create_time` datetime NOT NULL
) ENGINE=InnoDB DEFAULT CHARSET=utf8 COMMENT='店铺表';

--
-- 转存表中的数据 `shop`
--

INSERT INTO `shop` (`shop_id`, `shop_name`, `shop_logo`, `address`, `contacts`, `contact_number`, `disabled`, `create_time`) VALUES
(1, '盲人荟按摩（都市路店）', '{\"file_name\":\"f23dd3259fcccf1793ea972adc1267eb.jpg\",\"file_type\":\"image\\/jpeg\",\"file_path\":\"\\/home\\/wwwroot\\/www.mlxiaowu.com\\/public\\/upload\\/2018-03-17\\/\",\"full_path\":\"\\/home\\/wwwroot\\/www.mlxiaowu.com\\/public\\/upload\\/2018-03-17\\/f23dd3259fcccf1793ea972adc1267eb.jpg\",\"raw_name\":\"2018-03-17\\/f23dd3259fcccf1793ea972adc1267eb\",\"orig_name\":\"timg_(3).jpg\",\"client_name\":\"timg (3).jpg\",\"file_ext\":\".jpg\",\"file_size\":23.44,\"is_image\":true,\"image_width\":1024,\"image_height\":1024,\"image_type\":\"jpeg\",\"image_size_str\":\"width=\\\"1024\\\" height=\\\"1024\\\"\"}', '上海市闵行区都市路4654号二层', '孙永', '18616755873', 0, '2015-12-23 15:14:10'),
(2, '宝山门店1', '{\"file_name\":\"2bccdec2882dcfde093c25b659120a1c.jpg\",\"file_type\":\"image\\/jpeg\",\"file_path\":\"D:\\/htdocs\\/project\\/xinya\\/app\\/upload\\/\",\"full_path\":\"D:\\/htdocs\\/project\\/xinya\\/app\\/upload\\/2bccdec2882dcfde093c25b659120a1c.jpg\",\"raw_name\":\"2bccdec2882dcfde093c25b659120a1c\",\"orig_name\":\"zhuoku106.jpg\",\"client_name\":\"zhuoku106.jpg\",\"file_ext\":\".jpg\",\"file_size\":507.62,\"is_image\":true,\"image_width\":1920,\"image_height\":1200,\"image_type\":\"jpeg\",\"image_size_str\":\"width=\\\"1920\\\" height=\\\"1200\\\"\"}', '宝山路30', '周老板', '021-99658788', 1, '2015-12-24 11:48:12'),
(3, '盲人荟按摩（龙茗路店）', '{\"file_name\":\"f0bc1a5783faa01a50900904603719cb.jpg\",\"file_type\":\"image\\/jpeg\",\"file_path\":\"\\/home\\/wwwroot\\/www.mlxiaowu.com\\/public\\/upload\\/2018-03-17\\/\",\"full_path\":\"\\/home\\/wwwroot\\/www.mlxiaowu.com\\/public\\/upload\\/2018-03-17\\/f0bc1a5783faa01a50900904603719cb.jpg\",\"raw_name\":\"2018-03-17\\/f0bc1a5783faa01a50900904603719cb\",\"orig_name\":\"timg_(3).jpg\",\"client_name\":\"timg (3).jpg\",\"file_ext\":\".jpg\",\"file_size\":23.44,\"is_image\":true,\"image_width\":1024,\"image_height\":1024,\"image_type\":\"jpeg\",\"image_size_str\":\"width=\\\"1024\\\" height=\\\"1024\\\"\"}', '上海市闵行区龙茗路98号（汉庭酒店101）', '孙经理', '18616755873', 1, '2018-03-17 22:13:21');

-- --------------------------------------------------------

--
-- 表的结构 `sms_code`
--

CREATE TABLE `sms_code` (
  `sms_id` bigint(20) UNSIGNED NOT NULL,
  `code` char(6) NOT NULL DEFAULT '',
  `phone` char(15) NOT NULL DEFAULT '',
  `sms_type` tinyint(1) UNSIGNED NOT NULL DEFAULT '1' COMMENT '短信类型(1 绑定微信)',
  `message` varchar(30) NOT NULL,
  `created_time` datetime DEFAULT NULL,
  `expired_time` int(11) NOT NULL
) ENGINE=InnoDB DEFAULT CHARSET=utf8 COMMENT='手机验证码';

--
-- 转存表中的数据 `sms_code`
--

INSERT INTO `sms_code` (`sms_id`, `code`, `phone`, `sms_type`, `message`, `created_time`, `expired_time`) VALUES
(1, '260700', '13524286564', 1, '您的手机验证码为:260700', '2018-03-16 11:47:49', 1521172369),
(2, '820141', '13524286564', 1, '您的手机验证码为:820141', '2018-03-16 11:49:04', 1521172444),
(3, '121281', '13524286564', 1, '您的手机验证码为:121281', '2018-03-16 11:49:38', 1521172478),
(4, '168043', '13524286564', 1, '您的手机验证码为:168043', '2018-03-16 11:50:42', 1521172542),
(5, '282465', '13524286564', 1, '您的手机验证码为:282465', '2018-03-16 11:52:44', 1521172664),
(6, '016283', '13524286564', 1, '您的手机验证码为:016283', '2018-03-16 11:53:12', 1521172692),
(7, '841651', '13524286564', 1, '您的手机验证码为:841651', '2018-03-16 11:54:04', 1521172744),
(9, '020654', '13524286564', 1, '您的手机验证码为:020654', '2018-03-16 15:56:55', 1521187315),
(10, '283212', '13524286564', 1, '您的手机验证码为:283212', '2018-03-17 12:24:22', 1521260962),
(11, '706521', '13524286564', 1, '您的手机验证码为:706521', '2018-03-17 12:25:50', 1521261050),
(12, '011722', '13524286564', 1, '您的手机验证码为:011722', '2018-03-17 12:27:39', 1521261159),
(13, '076383', '13524286564', 1, '您的手机验证码为:076383', '2018-03-17 12:28:13', 1521261193),
(14, '181042', '13524286564', 1, '您的手机验证码为:181042', '2018-03-17 13:41:02', 1521265562),
(15, '930134', '13524286564', 1, '您的手机验证码为:930134', '2018-03-17 13:41:28', 1521265588),
(16, '171512', '13524286564', 1, '您的手机验证码为:171512', '2018-03-17 13:42:53', 1521265673),
(17, '702385', '13524286564', 1, '您的手机验证码为:702385', '2018-03-17 13:43:55', 1521265735),
(18, '021937', '13524286564', 1, '您的手机验证码为:021937', '2018-03-17 13:45:02', 1521265802),
(19, '557841', '13524286564', 1, '您的手机验证码为:557841', '2018-03-17 13:46:43', 1521265903),
(20, '710903', '13524286564', 1, '您的手机验证码为:710903', '2018-03-17 13:49:36', 1521266076),
(21, '167825', '11112222222', 1, '您的手机验证码为:167825', '2018-03-17 13:50:28', 1521266128),
(22, '168618', '13524286564', 1, '您的手机验证码为:168618', '2018-03-17 14:08:36', 1521267216),
(23, '131336', '13524286564', 1, '您的手机验证码为:131336', '2018-03-17 14:10:21', 1521267321),
(24, '140783', '13524286564', 1, '您的手机验证码为:140783', '2018-03-17 14:11:16', 1521267376),
(25, '102220', '13524286564', 1, '您的手机验证码为:102220', '2018-03-17 14:12:21', 1521267441),
(26, '537171', '13524286564', 1, '您的手机验证码为:537171', '2018-03-17 14:14:14', 1521267554),
(27, '784303', '13524286564', 1, '您的手机验证码为:784303', '2018-03-17 14:14:28', 1521267568),
(28, '471815', '13524286564', 1, '您的手机验证码为:471815', '2018-03-17 14:18:42', 1521267822),
(29, '811307', '13524286564', 1, '您的手机验证码为:811307', '2018-03-17 14:19:30', 1521267870),
(30, '004381', '13524286564', 1, '您的手机验证码为:004381', '2018-03-17 14:20:44', 1521267944),
(31, '820281', '13524286564', 1, '您的手机验证码为:820281', '2018-03-17 14:22:05', 1521268025),
(32, '111632', '13524286564', 1, '您的手机验证码为:111632', '2018-03-17 14:23:01', 1521278081),
(33, '360471', '13524286564', 1, '您的手机验证码为:360471', '2018-03-17 16:44:07', 1521276547),
(34, '316311', '13524286564', 1, '您的手机验证码为:316311', '2018-03-17 19:43:23', 1521287303),
(35, '180201', '13524286564', 1, '您的手机验证码为:180201', '2018-03-17 21:30:37', 1521293737),
(36, '412484', '13524286564', 1, '您的手机验证码为:412484', '2018-03-17 22:23:44', 1521296924),
(37, '114826', '13524286564', 1, '您的手机验证码为:114826', '2018-03-18 17:29:46', 1521365686),
(38, '153199', '13524286564', 1, '您的手机验证码为:153199', '2018-03-21 10:33:15', 1521599895),
(39, '804125', '13524286564', 1, '您的手机验证码为:804125', '2018-03-21 10:42:50', 1521600470),
(40, '002585', '13524286564', 1, '您的手机验证码为:002585', '2018-03-21 10:51:06', 1521600966),
(41, '443480', '13524286564', 1, '您的手机验证码为:443480', '2018-03-21 10:56:12', 1521601272),
(42, '488330', '18616755873', 1, '您的手机验证码为:488330', '2018-03-21 15:23:21', 1521617301),
(43, '359520', '13524286564', 1, '您的手机验证码为:359520', '2018-03-21 15:27:23', 1521617543),
(44, '336506', '18234942436', 1, '您的手机验证码为:336506', '2018-03-21 15:30:34', 1521617734),
(45, '110326', '18322960887', 1, '您的手机验证码为:110326', '2018-03-21 15:38:33', 1521618213),
(46, '613028', '18322960087', 1, '您的手机验证码为:613028', '2018-03-21 15:39:03', 1521618243),
(47, '315038', '13564530065', 1, '您的手机验证码为:315038', '2018-03-21 20:58:35', 1521637415),
(48, '008522', '13564530065', 1, '您的手机验证码为:008522', '2018-03-22 11:24:30', 1521689370),
(49, '392327', '13564530065', 1, '您的手机验证码为:392327', '2018-03-22 23:18:36', 1521732216),
(50, '830594', '13564530065', 1, '您的手机验证码为:830594', '2018-03-22 23:19:38', 1521732278),
(51, '815210', '18117118289', 1, '您的手机验证码为:815210', '2018-03-23 21:10:18', 1521810918),
(52, '652732', '18117118389', 1, '您的手机验证码为:652732', '2018-03-23 21:24:52', 1521811792),
(53, '326055', '13818349017', 1, '您的手机验证码为:326055', '2018-03-23 22:12:55', 1521814675),
(54, '282454', '13818349017', 1, '您的手机验证码为:282454', '2018-03-23 22:14:02', 1521814742),
(55, '255308', '18602159021', 1, '您的手机验证码为:255308', '2018-03-24 13:57:03', 1521871323),
(56, '122098', '15021353928', 1, '您的手机验证码为:122098', '2018-03-24 15:11:26', 1521875786),
(57, '321509', '13127677702', 1, '您的手机验证码为:321509', '2018-03-24 19:35:48', 1521891648),
(58, '552218', '18968049696', 1, '您的手机验证码为:552218', '2018-03-24 21:36:35', 1521898895),
(59, '351131', '18001500530', 1, '您的手机验证码为:351131', '2018-03-25 11:33:18', 1521949098),
(60, '434203', '18001500430', 1, '您的手机验证码为:434203', '2018-03-25 11:34:15', 1521949155),
(61, '350181', '18017102770', 1, '您的手机验证码为:350181', '2018-03-26 12:34:38', 1522039178),
(62, '182235', '18918162923', 1, '您的手机验证码为:182235', '2018-03-27 13:52:31', 1522130251),
(63, '181270', '18516071503', 1, '您的手机验证码为:181270', '2018-03-28 12:18:27', 1522211007),
(64, '580395', '13595365902', 1, '您的手机验证码为:580395', '2018-03-28 17:51:09', 1522230969),
(65, '173402', '13595365902', 1, '您的手机验证码为:173402', '2018-03-28 17:54:42', 1522231182),
(66, '208260', '13595365902', 1, '您的手机验证码为:208260', '2018-03-28 17:59:25', 1522231465),
(67, '831624', '13830914780', 1, '您的手机验证码为:831624', '2018-03-28 18:18:22', 1522232602),
(68, '921915', '15921986178', 1, '您的手机验证码为:921915', '2018-03-28 19:03:21', 1522235301),
(69, '428394', '15216639185', 1, '您的手机验证码为:428394', '2018-03-29 13:02:59', 1522300079),
(70, '292038', '15601710039', 1, '您的手机验证码为:292038', '2018-03-29 13:56:04', 1522303264),
(71, '276841', '13764445416', 1, '您的手机验证码为:276841', '2018-03-29 16:47:18', 1522313538),
(72, '046813', '18079821532', 1, '您的手机验证码为:046813', '2018-03-30 16:49:44', 1522400084),
(73, '223355', '13323837156', 1, '您的手机验证码为:223355', '2018-03-30 20:33:25', 1522413505),
(74, '151173', '18721937501', 1, '您的手机验证码为:151173', '2018-03-31 15:37:41', 1522482161);

-- --------------------------------------------------------

--
-- 表的结构 `user`
--

CREATE TABLE `user` (
  `user_id` bigint(11) UNSIGNED NOT NULL,
  `user_name` varchar(50) NOT NULL,
  `password` char(32) NOT NULL,
  `disabled` tinyint(1) UNSIGNED NOT NULL DEFAULT '0',
  `user_type` enum('管理员','店长') NOT NULL DEFAULT '店长',
  `last_login_time` datetime DEFAULT NULL,
  `create_time` datetime NOT NULL
) ENGINE=InnoDB DEFAULT CHARSET=utf8 COMMENT='账户表';

--
-- 转存表中的数据 `user`
--

INSERT INTO `user` (`user_id`, `user_name`, `password`, `disabled`, `user_type`, `last_login_time`, `create_time`) VALUES
(1, 'mrh', '90463311b5d1785e1d36f1900b30d910', 0, '管理员', '2018-03-29 23:36:45', '2015-12-22 17:41:17'),
(7, 'admin', '90463311b5d1785e1d36f1900b30d910', 0, '管理员', NULL, '2018-03-16 21:02:40');

--
-- Indexes for dumped tables
--

--
-- Indexes for table `beautician`
--
ALTER TABLE `beautician`
  ADD PRIMARY KEY (`beautician_id`);

--
-- Indexes for table `beautician_rest`
--
ALTER TABLE `beautician_rest`
  ADD PRIMARY KEY (`beautician_rest_id`);

--
-- Indexes for table `category`
--
ALTER TABLE `category`
  ADD PRIMARY KEY (`category_id`);

--
-- Indexes for table `customer`
--
ALTER TABLE `customer`
  ADD PRIMARY KEY (`customer_id`);

--
-- Indexes for table `order`
--
ALTER TABLE `order`
  ADD PRIMARY KEY (`order_id`),
  ADD KEY `order_no` (`order_no`);

--
-- Indexes for table `order_project`
--
ALTER TABLE `order_project`
  ADD PRIMARY KEY (`order_project_id`);

--
-- Indexes for table `project`
--
ALTER TABLE `project`
  ADD PRIMARY KEY (`project_id`);

--
-- Indexes for table `shop`
--
ALTER TABLE `shop`
  ADD PRIMARY KEY (`shop_id`);

--
-- Indexes for table `sms_code`
--
ALTER TABLE `sms_code`
  ADD PRIMARY KEY (`sms_id`);

--
-- Indexes for table `user`
--
ALTER TABLE `user`
  ADD PRIMARY KEY (`user_id`),
  ADD UNIQUE KEY `user_name` (`user_name`);

--
-- 在导出的表使用AUTO_INCREMENT
--

--
-- 使用表AUTO_INCREMENT `beautician`
--
ALTER TABLE `beautician`
  MODIFY `beautician_id` int(10) UNSIGNED NOT NULL AUTO_INCREMENT, AUTO_INCREMENT=14;
--
-- 使用表AUTO_INCREMENT `beautician_rest`
--
ALTER TABLE `beautician_rest`
  MODIFY `beautician_rest_id` bigint(11) UNSIGNED NOT NULL AUTO_INCREMENT, AUTO_INCREMENT=854;
--
-- 使用表AUTO_INCREMENT `category`
--
ALTER TABLE `category`
  MODIFY `category_id` int(11) UNSIGNED NOT NULL AUTO_INCREMENT;
--
-- 使用表AUTO_INCREMENT `customer`
--
ALTER TABLE `customer`
  MODIFY `customer_id` bigint(11) UNSIGNED NOT NULL AUTO_INCREMENT, AUTO_INCREMENT=55;
--
-- 使用表AUTO_INCREMENT `order`
--
ALTER TABLE `order`
  MODIFY `order_id` bigint(11) UNSIGNED NOT NULL AUTO_INCREMENT, AUTO_INCREMENT=58;
--
-- 使用表AUTO_INCREMENT `order_project`
--
ALTER TABLE `order_project`
  MODIFY `order_project_id` bigint(11) UNSIGNED NOT NULL AUTO_INCREMENT, AUTO_INCREMENT=55;
--
-- 使用表AUTO_INCREMENT `project`
--
ALTER TABLE `project`
  MODIFY `project_id` bigint(11) UNSIGNED NOT NULL AUTO_INCREMENT COMMENT '项目ID', AUTO_INCREMENT=4;
--
-- 使用表AUTO_INCREMENT `shop`
--
ALTER TABLE `shop`
  MODIFY `shop_id` bigint(11) UNSIGNED NOT NULL AUTO_INCREMENT, AUTO_INCREMENT=4;
--
-- 使用表AUTO_INCREMENT `sms_code`
--
ALTER TABLE `sms_code`
  MODIFY `sms_id` bigint(20) UNSIGNED NOT NULL AUTO_INCREMENT, AUTO_INCREMENT=75;
--
-- 使用表AUTO_INCREMENT `user`
--
ALTER TABLE `user`
  MODIFY `user_id` bigint(11) UNSIGNED NOT NULL AUTO_INCREMENT, AUTO_INCREMENT=8;COMMIT;

/*!40101 SET CHARACTER_SET_CLIENT=@OLD_CHARACTER_SET_CLIENT */;
/*!40101 SET CHARACTER_SET_RESULTS=@OLD_CHARACTER_SET_RESULTS */;
/*!40101 SET COLLATION_CONNECTION=@OLD_COLLATION_CONNECTION */;
